No.,Masjid ID,Nama Masjid,Provinsi,Kabupaten,Kecamatan,Tipologi,Alamat,Status Tanah,Luas Tanah,Luas Bangunan,Tahun Berdiri,Jamaah,Imam,Khatib,Muazin,Remaja,No. Telp/HP,Email,Latitude,Longitude,Lokasi Peta,Profil Masjid
1,01.4.02.19.07.000001,As-Shobirin,Sumatera Utara,Kab. Batu Bara,Sei Balai,Masjid Jami,Dusun IV Desa Sei Balai,Wakaf,20,200,1950,95,4,9,12,15,-,,3.128095342,99.58573473,"https://www.google.com/maps/search/3.12809534191235900000,99.58573472504213000000",https://simaslama.kemenag.dev/profil/masjid/9476
2,01.4.02.19.07.000002,Istiqamah,Sumatera Utara,Kab. Batu Bara,Sei Balai,Masjid Jami,Dusun V Desa Sei Balai,Wakaf,130,100,1971,45,9,7,8,10,-,,3.122470902,99.57622236,"https://www.google.com/maps/search/3.12247090152211000000,99.57622236048337000000",https://simaslama.kemenag.dev/profil/masjid/9477
3,01.4.02.19.07.000004,Nurul Iman,Sumatera Utara,Kab. Batu Bara,Sei Balai,Masjid Jami,Dusun I-A Desa Benteng Jaya,Wakaf,135,120,1980,100,8,6,0,0,-,,3.110360425,99.58193672,"https://www.google.com/maps/search/3.11036042529808100000,99.58193671773188000000",https://simaslama.kemenag.dev/profil/masjid/9479
4,01.4.02.19.07.000005,Istiqamah,Sumatera Utara,Kab. Batu Bara,Sei Balai,Masjid Jami,Dusun I-B Desa Benteng Jaya,Wakaf,170,120,1983,100,10,4,8,10,-,,3.114486005,99.58143497,"https://www.google.com/maps/search/3.11448600492922400000,99.58143496653065000000",https://simaslama.kemenag.dev/profil/masjid/9480
5,01.4.02.19.07.000006,At-Taqwa,Sumatera Utara,Kab. Batu Bara,Sei Balai,Masjid Jami,Dusun V Desa Durian,Wakaf,200,150,1953,135,10,9,13,15,-,,3.082284412,99.60476446,"https://www.google.com/maps/search/3.08228441210544700000,99.60476446169196000000",https://simaslama.kemenag.dev/profil/masjid/9481
6,01.4.02.19.07.000007,Al-Firdaus,Sumatera Utara,Kab. Batu Bara,Sei Balai,Masjid Jami,Dusun I TAnjung Mulia Desa Perk. Sei Balai,Wakaf,800,800,1975,65,5,7,0,0,-,,3.116439696,99.58266628,"https://www.google.com/maps/search/3.11643969559584550000,99.58266627858393000000",https://simaslama.kemenag.dev/profil/masjid/9482
7,01.4.02.19.07.000008,Darul Maqomah,Sumatera Utara,Kab. Batu Bara,Sei Balai,Masjid Jami,Dusun II Pondok Lolotan Perk. Sei Balai,Wakaf,800,800,1975,60,7,8,0,0,-,,3.106846902,99.59478164,"https://www.google.com/maps/search/3.10684690191740400000,99.59478163858876000000",https://simaslama.kemenag.dev/profil/masjid/9483
8,01.4.02.19.07.000009,Nurul Huda,Sumatera Utara,Kab. Batu Bara,Sei Balai,Masjid Jami,Dusun III Kp. Suka Rejo Desa Perk. Sei Balai,Wakaf,165,300,1981,70,10,9,0,0,-,,3.070332571,99.57675076,"https://www.google.com/maps/search/3.07033257098181700000,99.57675076089800000000",https://simaslama.kemenag.dev/profil/masjid/9484
9,01.4.02.19.07.000010,At-Taqwa,Sumatera Utara,Kab. Batu Bara,Sei Balai,Masjid Jami,Dusun III Desa Sei Balai,Wakaf,140,90,1984,80,8,8,7,10,-,,3.127959646,99.58041322,"https://www.google.com/maps/search/3.12795964590694760000,99.58041322301142000000",https://simaslama.kemenag.dev/profil/masjid/9485
10,01.4.02.19.07.000011,Baitul Makmur,Sumatera Utara,Kab. Batu Bara,Sei Balai,Masjid Jami,Dusun IV Pondok Sumber Rejo Perk. Sei Balai,Wakaf,244,164,1975,100,11,9,0,0,-,,3.105004253,99.59306502,"https://www.google.com/maps/search/3.10500425346958630000,99.59306502350955000000",https://simaslama.kemenag.dev/profil/masjid/9486
11,01.4.02.19.07.000012,Al-Azis,Sumatera Utara,Kab. Batu Bara,Sei Balai,Masjid Jami,Dusun V Rejo Sari Perk. Sei Balai,Wakaf,164,130,1975,100,10,7,0,0,-,,3.105604185,99.5918634,"https://www.google.com/maps/search/3.10560418543441050000,99.59186339518055000000",https://simaslama.kemenag.dev/profil/masjid/9487
12,01.4.02.19.07.000013,An-Nur,Sumatera Utara,Kab. Batu Bara,Sei Balai,Masjid Jami,Dusun VIII Sumber Sari Desa Perk. Sei Balai,Wakaf,100,100,1982,100,6,6,4,0,-,,3.070199724,99.58485174,"https://www.google.com/maps/search/3.07019972411520300000,99.58485174458474000000",https://simaslama.kemenag.dev/profil/masjid/9488
13,01.4.02.19.07.000014,An-Nur,Sumatera Utara,Kab. Batu Bara,Sei Balai,Masjid Jami,Dusun IX Pondok Sekip Desa Perk. Sei Balai,Wakaf,160,80,1975,70,7,9,0,0,-,,3.100976125,99.59533954,"https://www.google.com/maps/search/3.10097612498279900000,99.59533953806385000000",https://simaslama.kemenag.dev/profil/masjid/9489
14,01.4.02.19.07.000015,Al-Jami'atul Barru,Sumatera Utara,Kab. Batu Bara,Sei Balai,Masjid Jami,Dusun XIV Pondok Sekip Desa Perk. Sei Balai,Wakaf,800,640,1975,150,10,10,0,0,-,,3.106761198,99.59413791,"https://www.google.com/maps/search/3.10676119803320600000,99.59413790842518000000",https://simaslama.kemenag.dev/profil/masjid/9490
15,01.4.02.19.07.000016,Al-Huda,Sumatera Utara,Kab. Batu Bara,Sei Balai,Masjid Jami,Dusun VI Ps. Holden Unit I Desa Perjuangan,Wakaf,140,120,1973,100,8,10,0,0,-,,3.107140798,99.59266555,"https://www.google.com/maps/search/3.10714079751099440000,99.59266555313661000000",https://simaslama.kemenag.dev/profil/masjid/9491
16,01.4.02.19.07.000017,Amaliyah,Sumatera Utara,Kab. Batu Bara,Sei Balai,Masjid Jami,Dusun VII Sumber Makmur Desa Perjuangan,Wakaf,140,120,1984,100,8,10,0,0,-,,3.118845474,99.59808612,"https://www.google.com/maps/search/3.11884547371177320000,99.59808612009510000000",https://simaslama.kemenag.dev/profil/masjid/9571
17,01.4.02.19.07.000018,Al-Muhajirin,Sumatera Utara,Kab. Batu Bara,Sei Balai,Masjid Jami,Dusun IX Aman Sari Desa Perjuangan,Wakaf,120,100,1985,65,10,10,0,0,-,,3.115545877,99.59568286,"https://www.google.com/maps/search/3.11554587695564230000,99.59568286081776000000",https://simaslama.kemenag.dev/profil/masjid/9572
18,01.4.02.19.07.000019,Al-Muhajirin,Sumatera Utara,Kab. Batu Bara,Sei Balai,Masjid Jami,Dusun XII Ps. Holder Unit II Desa Perjuangan,Wakaf,150,115,1978,80,8,10,0,0,-,,3.115454102,99.59837329,"https://www.google.com/maps/search/3.11545410195702970000,99.59837329457514000000",https://simaslama.kemenag.dev/profil/masjid/9574
19,01.4.02.19.07.000020,Al-Ikhlas,Sumatera Utara,Kab. Batu Bara,Sei Balai,Masjid Jami,Dusun XIII BTN Sejahtera Desa Perjuangan,Wakaf,180,130,1982,140,12,15,0,0,-,,3.112540168,99.59137809,"https://www.google.com/maps/search/3.11254016754189070000,99.59137809280946000000",https://simaslama.kemenag.dev/profil/masjid/9575
20,01.4.02.19.07.000021,Al-Hidayah,Sumatera Utara,Kab. Batu Bara,Sei Balai,Masjid Jami,Dusun II Desa Kwala Sikasim,Wakaf,135,120,1950,110,8,10,0,0,-,,3.133029312,99.59340835,"https://www.google.com/maps/search/3.13302931226716500000,99.59340834757313000000",https://simaslama.kemenag.dev/profil/masjid/9577
21,01.4.02.19.07.000022,Al-Hikmah,Sumatera Utara,Kab. Batu Bara,Sei Balai,Masjid Jami,Dusun III Desa Suka Rame,Wakaf,139,120,1968,110,8,11,0,0,-,,3.119996396,99.56339729,"https://www.google.com/maps/search/3.11999639572384400000,99.56339728836610000000",https://simaslama.kemenag.dev/profil/masjid/9578
22,01.4.02.19.07.000023,Al-Barokah,Sumatera Utara,Kab. Batu Bara,Sei Balai,Masjid Jami,Dusun I Desa Suka Rame,Wakaf,140,120,1978,115,8,12,0,0,-,,3.119546452,99.5625819,"https://www.google.com/maps/search/3.11954645243774080000,99.56258189682558000000",https://simaslama.kemenag.dev/profil/masjid/9579
23,01.4.02.19.07.000024,Nurul Iman,Sumatera Utara,Kab. Batu Bara,Sei Balai,Masjid Jami,Dusun II Desa Suka Rame,Wakaf,122,111,1975,100,8,14,0,0,-,,3.119316839,99.56208015,"https://www.google.com/maps/search/3.11931683860105400000,99.56208014627919000000",https://simaslama.kemenag.dev/profil/masjid/9580
24,01.4.02.19.07.000025,Al-Muttaqin,Sumatera Utara,Kab. Batu Bara,Sei Balai,Masjid Jami,Dusun I DEsa Suka Rejo,Wakaf,135,120,1980,100,12,12,0,0,-,,3.118453732,99.56226003,"https://www.google.com/maps/search/3.11845373190004430000,99.56226003174379000000",https://simaslama.kemenag.dev/profil/masjid/9581
25,01.4.02.19.07.000026,At-Taqwa,Sumatera Utara,Kab. Batu Bara,Sei Balai,Masjid Jami,Dusun II Desa Suka Rejo,Wakaf,25,100,1989,70,9,10,0,0,-,,3.117660974,99.5621742,"https://www.google.com/maps/search/3.11766097371635140000,99.56217420171015000000",https://simaslama.kemenag.dev/profil/masjid/9582
26,01.4.02.19.07.000027,Al-Ikhlas,Sumatera Utara,Kab. Batu Bara,Sei Balai,Masjid Jami,Dusun III Desa Suka Rejo,Wakaf,124,120,1976,100,12,14,0,0,-,,3.115802988,99.56263805,"https://www.google.com/maps/search/3.11580298840623370000,99.56263804575428000000",https://simaslama.kemenag.dev/profil/masjid/9583
27,01.4.02.19.07.000028,Husnul Khotimah,Sumatera Utara,Kab. Batu Bara,Sei Balai,Masjid Jami,Dusun IV Desa Suka Rejo,Wakaf,122,110,1980,120,8,11,0,0,-,,3.114431727,99.56182265,"https://www.google.com/maps/search/3.11443172661076900000,99.56182265421376000000",https://simaslama.kemenag.dev/profil/masjid/9584
28,01.4.02.19.07.000029,Al-Ikhlas,Sumatera Utara,Kab. Batu Bara,Sei Balai,Masjid Jami,Dusun I Desa Perk. Sei Bejangkar,Wakaf,130,100,1985,85,8,10,0,0,-,,3.107489686,99.59130549,"https://www.google.com/maps/search/3.10748968573113100000,99.59130549439578000000",https://simaslama.kemenag.dev/profil/masjid/9585
29,01.4.02.19.07.000030,Al-Hidayah,Sumatera Utara,Kab. Batu Bara,Sei Balai,Masjid Jami,Dusun II Desa Perk. Sei. Bejangkar,Wakaf,130,100,1982,90,9,12,0,0,-,,3.106632641,99.59903026,"https://www.google.com/maps/search/3.10663264055917130000,99.59903025635867000000",https://simaslama.kemenag.dev/profil/masjid/9586
30,01.4.02.19.07.000031,Al-Huda,Sumatera Utara,Kab. Batu Bara,Sei Balai,Masjid Jami,Dusun II Desa Perk. Sei. Bejangkar,Wakaf,45,121,1997,80,9,12,0,0,-,,3.103590125,99.59611201,"https://www.google.com/maps/search/3.10359012458066760000,99.59611201426014000000",https://simaslama.kemenag.dev/profil/masjid/9587
31,01.4.02.19.07.000032,Al-Fisyahrin,Sumatera Utara,Kab. Batu Bara,Sei Balai,Masjid Jami,Dusun III Desa Perk. Sei Bejangkar,Wakaf,250,165,1980,160,13,10,0,0,-,,3.12060239,99.56216598,"https://www.google.com/maps/search/3.12060238996299870000,99.56216597696766000000",https://simaslama.kemenag.dev/profil/masjid/9589
32,01.4.02.19.07.000033,Asy-Syuhada,Sumatera Utara,Kab. Batu Bara,Sei Balai,Masjid Jami,Dusun V Desa Perk. Sei. Bejangkar,Wakaf,250,145,1975,125,11,13,0,0,-,,3.1201853,99.56070686,"https://www.google.com/maps/search/3.12018529975136600000,99.56070685526356000000",https://simaslama.kemenag.dev/profil/masjid/9590
33,01.4.02.19.07.000034,Al-Falah,Sumatera Utara,Kab. Batu Bara,Sei Balai,Masjid Jami,Dusun III Desa Sei Bejangkar,Wakaf,115,110,1968,65,6,8,6,10,-,,3.119273986,99.56199432,"https://www.google.com/maps/search/3.11927398618625400000,99.56199431559071000000",https://simaslama.kemenag.dev/profil/masjid/9592
34,01.4.02.19.07.000035,Nur-Sholihin,Sumatera Utara,Kab. Batu Bara,Sei Balai,Masjid Jami,Dusun V Desa Mekar Mulio,Wakaf,100,120,1972,65,8,5,0,0,-,,3.130372535,99.58091998,"https://www.google.com/maps/search/3.13037253450008060000,99.58091998239979000000",https://simaslama.kemenag.dev/profil/masjid/9593
35,01.3.02.19.05.000001,Ar-Rahman,Sumatera Utara,Kab. Batu Bara,Talawi,Masjid Besar,LK. V Labuhan Ruku,Wakaf,150,150,1957,0,1,1,0,0,-,,-1.801460929,116.1474609,"https://www.google.com/maps/search/-1.80146092946803550000,116.14746093750000000000",https://simaslama.kemenag.dev/profil/masjid/9594
36,01.4.02.19.05.000002,Al-Maulana,Sumatera Utara,Kab. Batu Bara,Talawi,Masjid Jami,Kampung Keda,Wakaf,169,0,1986,0,1,1,0,0,-,,-1.801460929,116.1474609,"https://www.google.com/maps/search/-1.80146092946803550000,116.14746093750000000000",https://simaslama.kemenag.dev/profil/masjid/9595
37,01.4.02.19.05.000003,Nur-Hasanah,Sumatera Utara,Kab. Batu Bara,Talawi,Masjid Jami,Lk. I Labuhan Ruku,Wakaf,120,120,1991,0,1,1,0,0,-,,-1.801460929,116.1474609,"https://www.google.com/maps/search/-1.80146092946803550000,116.14746093750000000000",https://simaslama.kemenag.dev/profil/masjid/9596
38,01.4.02.19.05.000004,Amanaturridho,Sumatera Utara,Kab. Batu Bara,Talawi,Masjid Jami,Dusun III Dahari Selebar,Wakaf,100,100,1968,0,1,1,0,0,-,,-1.801460929,116.1474609,"https://www.google.com/maps/search/-1.80146092946803550000,116.14746093750000000000",https://simaslama.kemenag.dev/profil/masjid/9597
39,01.4.02.19.05.000005,Arofah,Sumatera Utara,Kab. Batu Bara,Talawi,Masjid Jami,Dusun X Dahari Selebar,Wakaf,100,120,1990,0,1,1,0,0,-,,-1.801460929,116.1474609,"https://www.google.com/maps/search/-1.80146092946803550000,116.14746093750000000000",https://simaslama.kemenag.dev/profil/masjid/9598
40,01.4.02.19.05.000006,Jamik,Sumatera Utara,Kab. Batu Bara,Talawi,Masjid Jami,Dusun X Masjid Lama,Wakaf,30,30,1930,0,1,1,0,0,-,,-1.801460929,116.1474609,"https://www.google.com/maps/search/-1.80146092946803550000,116.14746093750000000000",https://simaslama.kemenag.dev/profil/masjid/9599
41,01.4.02.19.05.000007,Hidayatullah,Sumatera Utara,Kab. Batu Bara,Talawi,Masjid Jami,Dusun VII Masjid Lama,Wakaf,25,25,1970,0,1,1,0,0,-,,-1.801460929,116.1474609,"https://www.google.com/maps/search/-1.80146092946803550000,116.14746093750000000000",https://simaslama.kemenag.dev/profil/masjid/9600
42,01.4.02.19.05.000008,Al-Ikhlas,Sumatera Utara,Kab. Batu Bara,Talawi,Masjid Jami,Dusun I PAhang,Wakaf,216,0,1964,0,1,1,0,0,-,,-1.801460929,116.1474609,"https://www.google.com/maps/search/-1.80146092946803550000,116.14746093750000000000",https://simaslama.kemenag.dev/profil/masjid/9601
43,01.4.02.19.05.000009,Al-Amin,Sumatera Utara,Kab. Batu Bara,Talawi,Masjid Jami,Dusun III Pahang,Wakaf,52,0,1980,0,1,1,0,0,-,,-1.801460929,116.1474609,"https://www.google.com/maps/search/-1.80146092946803550000,116.14746093750000000000",https://simaslama.kemenag.dev/profil/masjid/9602
44,01.4.02.19.05.000010,Al-Iman,Sumatera Utara,Kab. Batu Bara,Talawi,Masjid Jami,Dusun V Pahang,Wakaf,49,0,1980,0,1,1,0,0,-,,-1.801460929,116.1474609,"https://www.google.com/maps/search/-1.80146092946803550000,116.14746093750000000000",https://simaslama.kemenag.dev/profil/masjid/9603
45,01.4.02.19.05.000011,Al-Hijrah Azzom,Sumatera Utara,Kab. Batu Bara,Talawi,Masjid Jami,Dusun III Dahari Selebar,Wakaf,110,0,1978,0,1,1,0,0,-,,-1.801460929,116.1474609,"https://www.google.com/maps/search/-1.80146092946803550000,116.14746093750000000000",https://simaslama.kemenag.dev/profil/masjid/9604
46,01.3.02.19.05.000012,As-Sa'roni,Sumatera Utara,Kab. Batu Bara,Talawi,Masjid Besar,Jl. Besar Padang Genting,Wakaf,256,0,1937,0,1,1,0,0,-,,-1.801460929,116.1474609,"https://www.google.com/maps/search/-1.80146092946803550000,116.14746093750000000000",https://simaslama.kemenag.dev/profil/masjid/9605
47,01.4.02.19.05.000013,Al-Ikhwan,Sumatera Utara,Kab. Batu Bara,Talawi,Masjid Jami,Dusun I Sei Muka,Wakaf,132,0,1935,0,1,1,0,0,-,,-1.801460929,116.1474609,"https://www.google.com/maps/search/-1.80146092946803550000,116.14746093750000000000",https://simaslama.kemenag.dev/profil/masjid/9606
48,01.4.02.19.05.000014,Al-Ikhlas,Sumatera Utara,Kab. Batu Bara,Talawi,Masjid Jami,Dusun IX Sei Muka,Wakaf,64,0,1986,0,1,1,0,0,-,,-1.801460929,116.1474609,"https://www.google.com/maps/search/-1.80146092946803550000,116.14746093750000000000",https://simaslama.kemenag.dev/profil/masjid/9607
49,01.4.02.19.05.000015,Al-Hidayah,Sumatera Utara,Kab. Batu Bara,Talawi,Masjid Jami,Dusun III Sei. MUka,Wakaf,169,0,1980,0,1,1,0,0,-,,-1.801460929,116.1474609,"https://www.google.com/maps/search/-1.80146092946803550000,116.14746093750000000000",https://simaslama.kemenag.dev/profil/masjid/9608
50,01.4.02.19.05.000016,Al-Huda,Sumatera Utara,Kab. Batu Bara,Talawi,Masjid Jami,Dusun IV Sei. Muka,Wakaf,153,0,1991,0,1,1,0,0,-,,-1.801460929,116.1474609,"https://www.google.com/maps/search/-1.80146092946803550000,116.14746093750000000000",https://simaslama.kemenag.dev/profil/masjid/9609
51,01.4.02.19.05.000017,Hidayatullah,Sumatera Utara,Kab. Batu Bara,Talawi,Masjid Jami,Dusun XII Sei Muka,Wakaf,30,12,1964,0,1,1,0,0,-,,-1.801460929,116.1474609,"https://www.google.com/maps/search/-1.80146092946803550000,116.14746093750000000000",https://simaslama.kemenag.dev/profil/masjid/9610
52,01.4.02.19.05.000018,Al-Falah,Sumatera Utara,Kab. Batu Bara,Talawi,Masjid Jami,Afd. II PT. SMA Tanah Datar,Girik,64,0,1988,0,1,1,0,0,-,,-1.801460929,116.1474609,"https://www.google.com/maps/search/-1.80146092946803550000,116.14746093750000000000",https://simaslama.kemenag.dev/profil/masjid/9611
53,01.4.02.19.05.000019,Nurul Iman,Sumatera Utara,Kab. Batu Bara,Talawi,Masjid Jami,Dusun II K. NAngka Tanah Datar,Wakaf,36,0,1997,0,1,1,0,0,-,,-1.801460929,116.1474609,"https://www.google.com/maps/search/-1.80146092946803550000,116.14746093750000000000",https://simaslama.kemenag.dev/profil/masjid/9612
54,01.4.02.19.05.000020,Al-Ikhlas,Sumatera Utara,Kab. Batu Bara,Talawi,Masjid Jami,Dusun VII Binjai Baru,Wakaf,36,0,1975,0,1,1,0,0,-,,-1.801460929,116.1474609,"https://www.google.com/maps/search/-1.80146092946803550000,116.14746093750000000000",https://simaslama.kemenag.dev/profil/masjid/9614
55,01.4.02.19.05.000021,Ar-Rahman,Sumatera Utara,Kab. Batu Bara,Talawi,Masjid Jami,Dusun II Sei MUka,Wakaf,42,0,1972,0,1,1,0,0,-,,-1.801460929,116.1474609,"https://www.google.com/maps/search/-1.80146092946803550000,116.14746093750000000000",https://simaslama.kemenag.dev/profil/masjid/9615
56,01.4.02.19.05.000022,Al-Ikhlas,Sumatera Utara,Kab. Batu Bara,Talawi,Masjid Jami,Dusun II Sei Muka,Wakaf,42,0,1977,0,1,1,0,0,-,,-1.801460929,116.1474609,"https://www.google.com/maps/search/-1.80146092946803550000,116.14746093750000000000",https://simaslama.kemenag.dev/profil/masjid/9616
57,01.4.02.19.05.000023,Al-Jamik,Sumatera Utara,Kab. Batu Bara,Talawi,Masjid Jami,Dusun VIII Sei Suka,Wakaf,48,0,1980,0,1,1,0,0,-,,-1.801460929,116.1474609,"https://www.google.com/maps/search/-1.80146092946803550000,116.14746093750000000000",https://simaslama.kemenag.dev/profil/masjid/9617
58,01.4.02.19.05.000024,Al-Ikhlas,Sumatera Utara,Kab. Batu Bara,Talawi,Masjid Jami,Dusun XII Sei Suka,Wakaf,42,0,1990,0,1,1,0,0,-,,-1.801460929,116.1474609,"https://www.google.com/maps/search/-1.80146092946803550000,116.14746093750000000000",https://simaslama.kemenag.dev/profil/masjid/9618
59,01.4.02.19.05.000025,Al-Hidayah,Sumatera Utara,Kab. Batu Bara,Talawi,Masjid Jami,Emplasement Tanah Datar,Girik,64,0,1987,0,1,1,0,0,-,,-1.801460929,116.1474609,"https://www.google.com/maps/search/-1.80146092946803550000,116.14746093750000000000",https://simaslama.kemenag.dev/profil/masjid/9620
60,01.4.02.19.05.000026,Al-Huda,Sumatera Utara,Kab. Batu Bara,Talawi,Masjid Jami,Dusun III Binjai Baru,Wakaf,210,0,1987,0,1,1,0,0,-,,-1.801460929,116.1474609,"https://www.google.com/maps/search/-1.80146092946803550000,116.14746093750000000000",https://simaslama.kemenag.dev/profil/masjid/9621
61,01.4.02.19.05.000027,At-Taqwa,Sumatera Utara,Kab. Batu Bara,Talawi,Masjid Jami,Dusun II Binjai Baru,Wakaf,36,0,1987,0,1,1,0,0,-,,-1.801460929,116.1474609,"https://www.google.com/maps/search/-1.80146092946803550000,116.14746093750000000000",https://simaslama.kemenag.dev/profil/masjid/9622
62,01.4.02.19.05.000028,Al-MArdiyah,Sumatera Utara,Kab. Batu Bara,Talawi,Masjid Jami,Dusun II BAngun Sari,Wakaf,110,0,1988,0,1,1,0,0,-,,-1.801460929,116.1474609,"https://www.google.com/maps/search/-1.80146092946803550000,116.14746093750000000000",https://simaslama.kemenag.dev/profil/masjid/9623
63,01.4.02.19.05.000029,Ar-Rohman,Sumatera Utara,Kab. Batu Bara,Talawi,Masjid Jami,Dusun V Petatal,Wakaf,100,0,1972,0,1,1,0,0,-,,-1.801460929,116.1474609,"https://www.google.com/maps/search/-1.80146092946803550000,116.14746093750000000000",https://simaslama.kemenag.dev/profil/masjid/9626
64,01.4.02.19.05.000030,Jamik,Sumatera Utara,Kab. Batu Bara,Talawi,Masjid Jami,Dusun IV Petatal,Wakaf,160,160,1989,0,1,1,0,0,-,,-1.801460929,116.1474609,"https://www.google.com/maps/search/-1.80146092946803550000,116.14746093750000000000",https://simaslama.kemenag.dev/profil/masjid/9628
65,01.4.02.19.05.000031,Al-Ikhlas,Sumatera Utara,Kab. Batu Bara,Talawi,Masjid Jami,Jl. Besar Dusun I Petatal,Wakaf,95,0,1981,0,1,1,0,0,-,,-1.801460929,116.1474609,"https://www.google.com/maps/search/-1.80146092946803550000,116.14746093750000000000",https://simaslama.kemenag.dev/profil/masjid/9629
66,01.4.02.19.05.000032,Al-Ikhlas,Sumatera Utara,Kab. Batu Bara,Talawi,Masjid Jami,Dusun VIII Petatal,Wakaf,109,0,1992,0,1,1,0,0,-,,-1.801460929,116.1474609,"https://www.google.com/maps/search/-1.80146092946803550000,116.14746093750000000000",https://simaslama.kemenag.dev/profil/masjid/9631
67,01.4.02.19.05.000033,Darut Taqwa,Sumatera Utara,Kab. Batu Bara,Talawi,Masjid Jami,Dusun VI Petatal,Wakaf,36,0,1975,0,1,1,0,0,-,,-1.801460929,116.1474609,"https://www.google.com/maps/search/-1.80146092946803550000,116.14746093750000000000",https://simaslama.kemenag.dev/profil/masjid/9632
68,01.4.02.19.05.000034,Nurul Hikmah,Sumatera Utara,Kab. Batu Bara,Talawi,Masjid Jami,Dusun III Petatal,Wakaf,36,0,1987,0,1,1,0,0,-,,-1.801460929,116.1474609,"https://www.google.com/maps/search/-1.80146092946803550000,116.14746093750000000000",https://simaslama.kemenag.dev/profil/masjid/9633
69,01.4.02.19.05.000035,Nur-Hikmah,Sumatera Utara,Kab. Batu Bara,Talawi,Masjid Jami,Dsusn IV Petatal,Wakaf,80,80,1984,0,1,1,0,0,-,,-1.801460929,116.1474609,"https://www.google.com/maps/search/-1.80146092946803550000,116.14746093750000000000",https://simaslama.kemenag.dev/profil/masjid/9634
70,01.4.02.19.05.000036,As-Syukur,Sumatera Utara,Kab. Batu Bara,Talawi,Masjid Jami,Dusun I Desa Perk. Petatal,Wakaf,196,0,1983,0,1,1,0,0,-,,-1.801460929,116.1474609,"https://www.google.com/maps/search/-1.80146092946803550000,116.14746093750000000000",https://simaslama.kemenag.dev/profil/masjid/9635
71,01.4.02.19.05.000037,Al-Mukmin,Sumatera Utara,Kab. Batu Bara,Talawi,Masjid Jami,Dusun V Perk. Petatal,Wakaf,64,0,1996,0,1,1,0,0,-,,-1.801460929,116.1474609,"https://www.google.com/maps/search/-1.80146092946803550000,116.14746093750000000000",https://simaslama.kemenag.dev/profil/masjid/9636
72,01.4.02.19.05.000038,Al-Hakim,Sumatera Utara,Kab. Batu Bara,Talawi,Masjid Jami,Dusun IV Perk. Petatal,Wakaf,36,0,1979,0,1,1,0,0,-,,-1.801460929,116.1474609,"https://www.google.com/maps/search/-1.80146092946803550000,116.14746093750000000000",https://simaslama.kemenag.dev/profil/masjid/9637
73,01.4.02.19.05.000039,Al-Muhajirin,Sumatera Utara,Kab. Batu Bara,Talawi,Masjid Jami,Dusun VI Perk. Petatal,Girik,42,0,1987,0,1,1,0,0,-,,-1.801460929,116.1474609,"https://www.google.com/maps/search/-1.80146092946803550000,116.14746093750000000000",https://simaslama.kemenag.dev/profil/masjid/9638
74,01.4.02.19.05.000040,Al-Ikhlas,Sumatera Utara,Kab. Batu Bara,Talawi,Masjid Jami,Dusun IV Perk. Petatal,Wakaf,36,0,1977,0,1,1,0,0,-,,-1.801460929,116.1474609,"https://www.google.com/maps/search/-1.80146092946803550000,116.14746093750000000000",https://simaslama.kemenag.dev/profil/masjid/9639
75,01.4.02.19.05.000041,Al-Jihad,Sumatera Utara,Kab. Batu Bara,Talawi,Masjid Jami,Dsusn III Perk. Petatal,Wakaf,36,0,1978,0,1,1,0,0,-,,-1.801460929,116.1474609,"https://www.google.com/maps/search/-1.80146092946803550000,116.14746093750000000000",https://simaslama.kemenag.dev/profil/masjid/9640
76,01.4.02.19.05.000042,At-Taqwa,Sumatera Utara,Kab. Batu Bara,Talawi,Masjid Jami,Jl. Besar Karang Baru,Wakaf,196,0,1967,0,1,1,0,0,-,,-1.801460929,116.1474609,"https://www.google.com/maps/search/-1.80146092946803550000,116.14746093750000000000",https://simaslama.kemenag.dev/profil/masjid/9641
77,01.4.02.19.05.000043,Al-Mukhlisin,Sumatera Utara,Kab. Batu Bara,Talawi,Masjid Jami,Dusun V Karang Baru,Wakaf,70,0,1974,0,1,1,0,0,-,,-1.801460929,116.1474609,"https://www.google.com/maps/search/-1.80146092946803550000,116.14746093750000000000",https://simaslama.kemenag.dev/profil/masjid/9642
78,01.4.02.19.05.000044,Ar-Ridho,Sumatera Utara,Kab. Batu Bara,Talawi,Masjid Jami,Dusun VI Karang Baru,Wakaf,72,0,1977,0,1,1,0,0,-,,-1.801460929,116.1474609,"https://www.google.com/maps/search/-1.80146092946803550000,116.14746093750000000000",https://simaslama.kemenag.dev/profil/masjid/9644
79,01.4.02.19.05.000045,Al-Barokah,Sumatera Utara,Kab. Batu Bara,Talawi,Masjid Jami,Dusun IV Karang Baru,Wakaf,48,0,1985,0,1,1,0,0,-,,-1.801460929,116.1474609,"https://www.google.com/maps/search/-1.80146092946803550000,116.14746093750000000000",https://simaslama.kemenag.dev/profil/masjid/9647
80,01.4.02.19.03.000001,Nurus Salam,Sumatera Utara,Kab. Batu Bara,Air Putih,Masjid Jami,Jl. Sudirman Lk. III Indrasakti,SHM,1300,346,1991,500,5,1,0,0,-,,3.299480613,99.35412884,"https://www.google.com/maps/search/3.29948061281135360000,99.35412883758545000000",https://simaslama.kemenag.dev/profil/masjid/9649
81,01.3.02.19.03.000002,Jamik Indrapura,Sumatera Utara,Kab. Batu Bara,Air Putih,Masjid Besar,Kel. Indra Pura,Wakaf,1600,400,1935,1000,4,1,0,0,81361132037,,3.299737678,99.35455799,"https://www.google.com/maps/search/3.29973767800884280000,99.35455799102783000000",https://simaslama.kemenag.dev/profil/masjid/9655
82,01.6.02.19.03.000003,Al-Mufakat,Sumatera Utara,Kab. Batu Bara,Air Putih,Masjid di Tempat Publik,Lk. VII Kel. Indrapura,Wakaf,396,154,2004,200,4,1,0,0,81370140310,,3.299737678,99.3533349,"https://www.google.com/maps/search/3.29973767800881700000,99.35333490371704000000",https://simaslama.kemenag.dev/profil/masjid/9656
83,01.6.02.19.03.000004,Taqwa,Sumatera Utara,Kab. Batu Bara,Air Putih,Masjid di Tempat Publik,Lk. III Kel. Indrapura,Wakaf,1230,246,1968,500,3,1,0,0,85373436855,,3.298452351,99.35914993,"https://www.google.com/maps/search/3.29845235135662300000,99.35914993286133000000",https://simaslama.kemenag.dev/profil/masjid/9657
84,01.6.02.19.03.000005,Al-Ilham,Sumatera Utara,Kab. Batu Bara,Air Putih,Masjid di Tempat Publik,Dusun XII Desa Pematang Panjang,Wakaf,728,196,1965,230,3,1,0,0,81376444181,,3.278658111,99.36944962,"https://www.google.com/maps/search/3.27865811145410250000,99.36944961547852000000",https://simaslama.kemenag.dev/profil/masjid/9658
85,01.6.02.19.03.000006,Syuhada,Sumatera Utara,Kab. Batu Bara,Air Putih,Masjid di Tempat Publik,Dusun III Desa Sukaraja,Wakaf,1682,245,1905,300,10,1,0,0,81362212591,,3.281614419,99.37120914,"https://www.google.com/maps/search/3.28161441897927200000,99.37120914459229000000",https://simaslama.kemenag.dev/profil/masjid/9660
86,01.3.02.19.03.000007,Uswatun Hasanah,Sumatera Utara,Kab. Batu Bara,Air Putih,Masjid Besar,Dusun III Desa Tanah Rendah,SHM,691,180,1997,200,8,1,0,0,81364045153,,3.302308326,99.34421539,"https://www.google.com/maps/search/3.30230832632540900000,99.34421539306640000000",https://simaslama.kemenag.dev/profil/masjid/9661
87,01.4.02.19.03.000008,Nurul Huda,Sumatera Utara,Kab. Batu Bara,Air Putih,Masjid Jami,Dusun I Desa Tanjung Muda,Wakaf,400,143,1970,180,2,1,0,0,82168302700,,3.302993831,99.33211327,"https://www.google.com/maps/search/3.30299383141943670000,99.33211326599121000000",https://simaslama.kemenag.dev/profil/masjid/9662
88,01.3.02.19.03.000009,Al-Ikhlas,Sumatera Utara,Kab. Batu Bara,Air Putih,Masjid Besar,Jl. Tanjung Muda,Wakaf,805,805,1985,350,3,1,0,0,81265487827,,3.303165208,99.33348656,"https://www.google.com/maps/search/3.30316520761894460000,99.33348655700684000000",https://simaslama.kemenag.dev/profil/masjid/9663
89,01.4.02.19.03.000010,Nurul Huda,Sumatera Utara,Kab. Batu Bara,Air Putih,Masjid Jami,Dusun X Desa Tanah Tinggi,Wakaf,400,208,1975,300,5,1,0,0,81360393773,,3.30213695,99.32825089,"https://www.google.com/maps/search/3.30213694997795400000,99.32825088500977000000",https://simaslama.kemenag.dev/profil/masjid/9664
90,01.4.02.19.03.000011,An-Nur,Sumatera Utara,Kab. Batu Bara,Air Putih,Masjid Jami,Dusun IV Tanah Merah,Wakaf,0,304,1995,0,1,1,0,0,-,,-1.801460929,116.1474609,"https://www.google.com/maps/search/-1.80146092946803550000,116.14746093750000000000",https://simaslama.kemenag.dev/profil/masjid/9666
91,01.3.02.19.03.000012,Al-Munawarah,Sumatera Utara,Kab. Batu Bara,Air Putih,Masjid Besar,Dusun III Desa Sipare-Pare,Wakaf,2046,798,1927,1300,5,1,0,0,85373424916,,3.302479703,99.34447289,"https://www.google.com/maps/search/3.30247970264332260000,99.34447288513184000000",https://simaslama.kemenag.dev/profil/masjid/9667
92,01.3.02.19.03.000013,An-Nur,Sumatera Utara,Kab. Batu Bara,Air Putih,Masjid Besar,Dusun III Sipare-Pare,Wakaf,600,0,2006,0,1,1,0,0,-,,3.294082228,98.83300781,"https://www.google.com/maps/search/3.29408222831281750000,98.83300781250000000000",https://simaslama.kemenag.dev/profil/masjid/9669
93,01.4.02.19.03.000014,Al-Musyawarah,Sumatera Utara,Kab. Batu Bara,Air Putih,Masjid Jami,Dusun II Desa Titi Payung,Wakaf,320,239,1945,250,7,1,0,0,81534472530,,3.30642135,99.39210892,"https://www.google.com/maps/search/3.30642134978760100000,99.39210891723633000000",https://simaslama.kemenag.dev/profil/masjid/9670
94,01.4.02.19.03.000015,Ar-Rahman,Sumatera Utara,Kab. Batu Bara,Air Putih,Masjid Jami,Dusun II Pasar Tengah Desa Pasar Lapan,Wakaf,320,209,1973,250,4,1,0,0,81397531622,,3.298366663,99.34902191,"https://www.google.com/maps/search/3.29836666285407100000,99.34902191162110000000",https://simaslama.kemenag.dev/profil/masjid/9672
95,01.4.02.19.03.000016,Nurul Iman,Sumatera Utara,Kab. Batu Bara,Air Putih,Masjid Jami,Dusun III Desa Perkotaan,Wakaf,560,214,1952,230,4,1,0,0,81397589209,,3.278401041,99.37039375,"https://www.google.com/maps/search/3.27840104082130000000,99.37039375305176000000",https://simaslama.kemenag.dev/profil/masjid/9673
96,01.4.02.19.03.000017,Al-Ikhsan,Sumatera Utara,Kab. Batu Bara,Air Putih,Masjid Jami,Dusun III Ladang Baru Desa Pasar Lapan,Wakaf,446,201,1993,250,3,1,0,0,81362191643,,3.300846271,99.34640408,"https://www.google.com/maps/search/3.30084627091113400000,99.34640407562256000000",https://simaslama.kemenag.dev/profil/masjid/9674
97,01.4.02.19.03.000018,Quba,Sumatera Utara,Kab. Batu Bara,Air Putih,Masjid Jami,Dusun II Desa Tanjung Kubah,Wakaf,400,196,1980,300,4,1,0,0,82164267683,,3.273688068,99.37520027,"https://www.google.com/maps/search/3.27368806751891660000,99.37520027160645000000",https://simaslama.kemenag.dev/profil/masjid/9675
98,01.4.02.19.03.000019,Nurul-Huda,Sumatera Utara,Kab. Batu Bara,Air Putih,Masjid Jami,Dusun I Limau Manis Desa Pasar Lapan,Wakaf,554,156,1976,200,2,1,0,0,81396324539,,3.282000024,99.36807632,"https://www.google.com/maps/search/3.28200002366399520000,99.36807632446289000000",https://simaslama.kemenag.dev/profil/masjid/9676
99,01.4.02.19.03.000020,Al-Ihsan,Sumatera Utara,Kab. Batu Bara,Air Putih,Masjid Jami,Dusun IV Desa Tanjung Kubah,Wakaf,400,144,1972,200,4,1,0,0,82164267683,,3.298880794,99.35743332,"https://www.google.com/maps/search/3.29888079375870100000,99.35743331909180000000",https://simaslama.kemenag.dev/profil/masjid/9678
100,01.4.02.19.03.000021,Al-Mukhlisin,Sumatera Utara,Kab. Batu Bara,Air Putih,Masjid Jami,Dusun I Desa Tanjung Harapan,Wakaf,1200,224,1980,290,3,1,0,0,85276107914,,3.285513304,99.36412811,"https://www.google.com/maps/search/3.28551330393477700000,99.36412811279297000000",https://simaslama.kemenag.dev/profil/masjid/9679
101,01.4.02.19.03.000022,Al-Mukmin,Sumatera Utara,Kab. Batu Bara,Air Putih,Masjid Jami,Dusun IV Desa Tanjung Harapan,Wakaf,500,144,1995,120,3,1,0,0,81397308710,,3.286884337,99.36429977,"https://www.google.com/maps/search/3.28688433678400500000,99.36429977416992000000",https://simaslama.kemenag.dev/profil/masjid/9726
102,01.4.02.19.03.000023,Nurul Iman,Sumatera Utara,Kab. Batu Bara,Air Putih,Masjid Jami,Dusun VII Desa Suka Ramai,Wakaf,400,144,1992,150,2,1,0,0,85262190622,,3.273173924,99.37623024,"https://www.google.com/maps/search/3.27317392363483740000,99.37623023986816000000",https://simaslama.kemenag.dev/profil/masjid/9727
103,01.4.02.19.06.000001,At-Taqwa,Sumatera Utara,Kab. Batu Bara,Tanjung Tiram,Masjid Jami,Lingkungan X Kelurahan Bagan Arya,Wakaf,700,150,1975,200,3,7,1,10,-,,3.226865353,99.5862827,"https://www.google.com/maps/search/3.22686535296900030000,99.58628270047484000000",https://simaslama.kemenag.dev/profil/masjid/9734
104,01.4.02.19.06.000002,Ukhwah Islamiyah,Sumatera Utara,Kab. Batu Bara,Tanjung Tiram,Masjid Jami,Jl. Beringin Desa Bogak,Wakaf,3300,900,1967,300,4,8,2,0,-,,3.222259258,99.57862231,"https://www.google.com/maps/search/3.22225925766564460000,99.57862231136460000000",https://simaslama.kemenag.dev/profil/masjid/9735
105,01.4.02.19.06.000003,Al-Huda,Sumatera Utara,Kab. Batu Bara,Tanjung Tiram,Masjid Jami,Dusun IV Desa Lalang,Wakaf,800,225,1960,250,5,15,2,20,82363630006,,3.21422117,99.58238111,"https://www.google.com/maps/search/3.21422116970290000000,99.58238111436900000000",https://simaslama.kemenag.dev/profil/masjid/9737
106,01.4.02.19.06.000004,Saidina Abu BAkar,Sumatera Utara,Kab. Batu Bara,Tanjung Tiram,Masjid Jami,Dusun IV Gang Setia Desa Suka Maju,Wakaf,600,240,1999,200,6,8,1,20,81397515531,,3.2125898,99.5795474,"https://www.google.com/maps/search/3.21258980000000000000,99.57954740000000000000",https://simaslama.kemenag.dev/profil/masjid/9738
107,01.4.02.19.06.000005,Taqwa Muhammadiyah,Sumatera Utara,Kab. Batu Bara,Tanjung Tiram,Masjid Jami,Dusun III Desa Suka MAju,Wakaf,800,400,1960,200,4,7,1,15,-,,3.218505944,99.57900153,"https://www.google.com/maps/search/3.21850594401899230000,99.57900153109222000000",https://simaslama.kemenag.dev/profil/masjid/9740
108,01.4.02.19.06.000006,Al-Furqon,Sumatera Utara,Kab. Batu Bara,Tanjung Tiram,Masjid Jami,Jl.jokja Dusun X Desa Suka Maju,Wakaf,3526,224,1975,100,3,3,2,0,85206340661,,3.218503266,99.58197878,"https://www.google.com/maps/search/3.21850326604066430000,99.58197878301690000000",https://simaslama.kemenag.dev/profil/masjid/9741
109,01.4.02.19.06.000007,Baiturrahim,Sumatera Utara,Kab. Batu Bara,Tanjung Tiram,Masjid Jami,Dusun X Jl.jokja Desa Suka Maju,Wakaf,600,300,2006,200,4,12,2,20,-,,3.2208477,99.58349258,"https://www.google.com/maps/search/3.22084769950124230000,99.58349257707596000000",https://simaslama.kemenag.dev/profil/masjid/9742
110,01.4.02.19.06.000008,At-Taufiq,Sumatera Utara,Kab. Batu Bara,Tanjung Tiram,Masjid Jami,Dusun II Desa Suka Jaya,Wakaf,133,100,1970,200,7,7,2,15,82367799574,,3.221759682,99.58680676,"https://www.google.com/maps/search/3.22175968247991130000,99.58680675932555000000",https://simaslama.kemenag.dev/profil/masjid/9743
111,01.4.02.19.06.000009,An-Nur,Sumatera Utara,Kab. Batu Bara,Tanjung Tiram,Masjid Jami,Dusun IX Desa Bagan Dalam,Wakaf,3440,400,1983,500,7,7,2,20,-,,3.216547403,99.58871073,"https://www.google.com/maps/search/3.21654740324899270000,99.58871072565671000000",https://simaslama.kemenag.dev/profil/masjid/9744
112,01.4.02.19.06.000010,Al-Husna,Sumatera Utara,Kab. Batu Bara,Tanjung Tiram,Masjid Jami,Dusun I Desa Guntung,Wakaf,1050,300,1987,350,5,7,2,20,-,,3.209872105,99.60409628,"https://www.google.com/maps/search/3.20987210537065070000,99.60409627863555000000",https://simaslama.kemenag.dev/profil/masjid/9745
113,01.4.02.19.06.000011,Al-Mukarram,Sumatera Utara,Kab. Batu Bara,Tanjung Tiram,Masjid Jami,Dusun I Desa Lima Laras,Wakaf,600,225,1948,250,5,5,2,20,-,,3.204289931,99.60209164,"https://www.google.com/maps/search/3.20428993095174400000,99.60209164040862000000",https://simaslama.kemenag.dev/profil/masjid/9748
114,01.4.02.19.06.000012,Ah-Saniyah,Sumatera Utara,Kab. Batu Bara,Tanjung Tiram,Masjid Jami,Dusun I Desa Mekar Laras,Wakaf,702,120,2011,200,7,7,1,0,85297142250,,-1.801460929,116.1474609,"https://www.google.com/maps/search/-1.80146092946803550000,116.14746093750000000000",https://simaslama.kemenag.dev/profil/masjid/9750
115,01.4.02.19.06.000013,Al-Inayah,Sumatera Utara,Kab. Batu Bara,Tanjung Tiram,Masjid Jami,Dusun IV Desa Ujung Kubu,Wakaf,2500,484,1952,200,5,8,10,15,-,,3.182774528,99.63458392,"https://www.google.com/maps/search/3.18277452796906960000,99.63458392025132000000",https://simaslama.kemenag.dev/profil/masjid/9751
116,01.4.02.19.06.000014,Istiqamah,Sumatera Utara,Kab. Batu Bara,Tanjung Tiram,Masjid Jami,Dusun I Desa Desa Bandar Sono,Wakaf,400,224,2005,200,6,7,1,20,-,,3.189866037,99.62515327,"https://www.google.com/maps/search/3.18986603743787360000,99.62515327351866000000",https://simaslama.kemenag.dev/profil/masjid/9753
117,01.4.02.19.06.000015,Amaliyah,Sumatera Utara,Kab. Batu Bara,Tanjung Tiram,Masjid Jami,Dusun III Desa Bagan Baru,Wakaf,375,0,1981,0,1,1,0,0,-,,-1.801460929,116.1474609,"https://www.google.com/maps/search/-1.80146092946803550000,116.14746093750000000000",https://simaslama.kemenag.dev/profil/masjid/9754
118,01.4.02.19.06.000016,At-Taqwa,Sumatera Utara,Kab. Batu Bara,Tanjung Tiram,Masjid Jami,Dusun VI Desa Bagan Baru,Wakaf,300,0,1990,0,1,1,0,0,-,,-1.801460929,116.1474609,"https://www.google.com/maps/search/-1.80146092946803550000,116.14746093750000000000",https://simaslama.kemenag.dev/profil/masjid/9756
119,01.4.02.19.06.000017,Al-Jamik,Sumatera Utara,Kab. Batu Bara,Tanjung Tiram,Masjid Jami,Dusun IX Desa Tali Air Permai,Girik,400,100,2003,100,4,1,0,0,-,,-1.801460929,116.1474609,"https://www.google.com/maps/search/-1.80146092946803550000,116.14746093750000000000",https://simaslama.kemenag.dev/profil/masjid/9758
120,01.4.02.19.06.000018,Al-Ikhlas,Sumatera Utara,Kab. Batu Bara,Tanjung Tiram,Masjid Jami,Dusun VII Desa Kapal Merah,Wakaf,375,110,1993,150,2,1,0,0,85276764615,,-1.801460929,116.1474609,"https://www.google.com/maps/search/-1.80146092946803550000,116.14746093750000000000",https://simaslama.kemenag.dev/profil/masjid/9760
121,01.4.02.19.06.000019,An-Nur,Sumatera Utara,Kab. Batu Bara,Tanjung Tiram,Masjid Jami,Dusun X Desa Kapal Merah,Wakaf,600,182,1982,100,2,1,0,0,85370255713,,-1.801460929,116.1474609,"https://www.google.com/maps/search/-1.80146092946803550000,116.14746093750000000000",https://simaslama.kemenag.dev/profil/masjid/9761
122,01.4.02.19.06.000020,Al-Amin,Sumatera Utara,Kab. Batu Bara,Tanjung Tiram,Masjid Jami,Dusun II Desa Pematang Rambe,Wakaf,375,0,1982,0,1,1,0,0,-,,-1.801460929,116.1474609,"https://www.google.com/maps/search/-1.80146092946800000000,116.14746093750000000000",https://simaslama.kemenag.dev/profil/masjid/9763
123,01.4.02.19.06.000021,Al-Ikhwan,Sumatera Utara,Kab. Batu Bara,Tanjung Tiram,Masjid Jami,Dusun VI Desa Pematang Rambai,Wakaf,200,81,1965,200,2,2,1,0,-,,3.142810097,99.68931542,"https://www.google.com/maps/search/3.14281009721006600000,99.68931542337486000000",https://simaslama.kemenag.dev/profil/masjid/9764
124,01.4.02.19.06.000022,Nurul Iman,Sumatera Utara,Kab. Batu Bara,Tanjung Tiram,Masjid Jami,Dusun VI Desa Pematang Rambe,Wakaf,1200,0,1960,0,1,1,0,0,-,,-1.801460929,116.1474609,"https://www.google.com/maps/search/-1.80146092946803550000,116.14746093750000000000",https://simaslama.kemenag.dev/profil/masjid/9766
125,01.4.02.19.06.000023,Baiturrahman,Sumatera Utara,Kab. Batu Bara,Tanjung Tiram,Masjid Jami,Dusun VII Desa Pematang Rambe,Wakaf,300,0,1978,0,1,1,0,0,-,,-1.801460929,116.1474609,"https://www.google.com/maps/search/-1.80146092946803550000,116.14746093750000000000",https://simaslama.kemenag.dev/profil/masjid/9767
126,01.4.02.19.06.000024,Makmur,Sumatera Utara,Kab. Batu Bara,Tanjung Tiram,Masjid Jami,Dusun I Desa Sei Mentaram,Wakaf,1200,400,1970,500,3,4,0,0,-,,3.163340382,99.6262815,"https://www.google.com/maps/search/3.16334038188550600000,99.62628149994998000000",https://simaslama.kemenag.dev/profil/masjid/9794
127,01.4.02.19.06.000025,Al-Azhar,Sumatera Utara,Kab. Batu Bara,Tanjung Tiram,Masjid Jami,Dusun III Desa Tanjung Mulia,Wakaf,400,100,1965,150,3,1,0,0,-,,-1.801460929,116.1474609,"https://www.google.com/maps/search/-1.80146092946803550000,116.14746093750000000000",https://simaslama.kemenag.dev/profil/masjid/9795
128,01.4.02.19.06.000026,Nurul Huda,Sumatera Utara,Kab. Batu Bara,Tanjung Tiram,Masjid Jami,Dusun IV Desa Tanjung Mulia,Wakaf,800,64,1999,78,5,1,0,0,-,,-1.801460929,116.1474609,"https://www.google.com/maps/search/-1.80146092946803550000,116.14746093750000000000",https://simaslama.kemenag.dev/profil/masjid/9796
129,01.4.02.19.06.000027,Nurul Iman,Sumatera Utara,Kab. Batu Bara,Tanjung Tiram,Masjid Jami,Dusun VII Desa Jati Mulia,Wakaf,400,64,1982,100,1,1,0,0,-,,-1.801460929,116.1474609,"https://www.google.com/maps/search/-1.80146092946803550000,116.14746093750000000000",https://simaslama.kemenag.dev/profil/masjid/9797
130,01.4.02.19.06.000028,Al-Falah,Sumatera Utara,Kab. Batu Bara,Tanjung Tiram,Masjid Jami,Dusun VI Desa Jati Mulia,Wakaf,600,0,1981,0,1,1,0,0,-,,-1.801460929,116.1474609,"https://www.google.com/maps/search/-1.80146092946803550000,116.14746093750000000000",https://simaslama.kemenag.dev/profil/masjid/9799
131,01.5.02.19.06.000029,Al-Muttaqin,Sumatera Utara,Kab. Batu Bara,Tanjung Tiram,Masjid Bersejarah,Dusun II Jl. Keramik Desa Sentang,Wakaf,423,110,1963,200,6,1,0,0,82370779745,,-1.801460929,116.1474609,"https://www.google.com/maps/search/-1.80146092946803550000,116.14746093750000000000",https://simaslama.kemenag.dev/profil/masjid/9800
132,01.4.02.19.06.000030,Maqoma Mahmuda,Sumatera Utara,Kab. Batu Bara,Tanjung Tiram,Masjid Jami,Dusun VIII Desa Sentang,SHM,7000,100,1985,100,1,1,0,0,,,-1.801460929,116.1474609,"https://www.google.com/maps/search/-1.80146092946803550000,116.14746093750000000000",https://simaslama.kemenag.dev/profil/masjid/9802
133,01.4.02.19.01.000001,Raudatul Muslimin,Sumatera Utara,Kab. Batu Bara,Medang Deras,Masjid Jami,Lk. IV Kel. Pangkalan Dodek,Wakaf,400,320,1968,200,8,10,0,0,81990576453,,3.238897072,99.45201874,"https://www.google.com/maps/search/3.23889707158977400000,99.45201873779297000000",https://simaslama.kemenag.dev/profil/masjid/9803
134,01.4.02.19.01.000002,Al-Mukhlisin,Sumatera Utara,Kab. Batu Bara,Medang Deras,Masjid Jami,Desa Sei Buah Keras,Wakaf,748,200,1993,0,1,3,0,0,-,,3.234012525,99.44566727,"https://www.google.com/maps/search/3.23401252542351300000,99.44566726684570000000",https://simaslama.kemenag.dev/profil/masjid/9805
135,01.4.02.19.01.000003,Al-Hasanah,Sumatera Utara,Kab. Batu Bara,Medang Deras,Masjid Jami,Dusun Pahlawan I Desa Sidomulyo,Wakaf,750,500,1964,60,6,5,0,0,81396944439,,3.306549881,99.33246078,"https://www.google.com/maps/search/3.30654988149608940000,99.33246077525337000000",https://simaslama.kemenag.dev/profil/masjid/9806
136,01.6.02.19.01.000004,Al-Hasanah,Sumatera Utara,Kab. Batu Bara,Medang Deras,Masjid di Tempat Publik,Dsn. Pahlawan Desa Sidomulyo,Wakaf,750,750,1965,100,4,2,0,0,8139664443,,3.316018338,99.42901611,"https://www.google.com/maps/search/3.31601833816152500000,99.42901611328125000000",https://simaslama.kemenag.dev/profil/masjid/9808
137,01.4.02.19.01.000005,Jamik,Sumatera Utara,Kab. Batu Bara,Medang Deras,Masjid Jami,Dsn. V Desa Nenassiam,Wakaf,598,400,1963,70,5,4,0,0,85262213911,,3.255692875,99.42352295,"https://www.google.com/maps/search/3.25569287485061180000,99.42352294921875000000",https://simaslama.kemenag.dev/profil/masjid/9809
138,01.4.02.19.01.000006,Jamik,Sumatera Utara,Kab. Batu Bara,Medang Deras,Masjid Jami,Desa Durian Dsn. Makmur,Wakaf,695,600,1985,100,4,3,0,0,85361573094,,3.272145635,99.47021484,"https://www.google.com/maps/search/3.27214563507505100000,99.47021484375000000000",https://simaslama.kemenag.dev/profil/masjid/9810
139,01.4.02.19.01.000007,Nurul Iman,Sumatera Utara,Kab. Batu Bara,Medang Deras,Masjid Jami,Dsn. PAsir Putih Desa Durian,Wakaf,1000,600,1999,60,4,3,0,0,81265322938,,3.294082228,99.44824219,"https://www.google.com/maps/search/3.29408222831281750000,99.44824218750000000000",https://simaslama.kemenag.dev/profil/masjid/9812
140,01.4.02.19.01.000008,Jamik,Sumatera Utara,Kab. Batu Bara,Medang Deras,Masjid Jami,Desa Tanjung Sigoni,Wakaf,400,400,1974,100,4,3,0,0,81376768525,,3.307792354,99.42626953,"https://www.google.com/maps/search/3.30779235381884100000,99.42626953125000000000",https://simaslama.kemenag.dev/profil/masjid/9814
141,01.4.02.19.01.000009,Nurul Akbar,Sumatera Utara,Kab. Batu Bara,Medang Deras,Masjid Jami,Desa Pematang Cengkering,Wakaf,1200,240,1987,100,7,8,0,0,-,,3.316018338,99.42626953,"https://www.google.com/maps/search/3.31601833816152500000,99.42626953125000000000",https://simaslama.kemenag.dev/profil/masjid/9815
142,01.4.02.19.01.000010,Al-Muallim,Sumatera Utara,Kab. Batu Bara,Medang Deras,Masjid Jami,Dsn. Mesjid Desa Lalang,Wakaf,2000,1600,1950,150,5,4,0,0,812632306,,3.310534356,99.4317627,"https://www.google.com/maps/search/3.31053435619233900000,99.43176269531250000000",https://simaslama.kemenag.dev/profil/masjid/9816
143,01.4.02.19.01.000011,Al-Ikhlas,Sumatera Utara,Kab. Batu Bara,Medang Deras,Masjid Jami,Desa Pakam,Wakaf,1200,900,1968,200,10,10,0,0,-,,3.288598125,99.44824219,"https://www.google.com/maps/search/3.28859812519592150000,99.44824218750000000000",https://simaslama.kemenag.dev/profil/masjid/9818
144,01.4.02.19.01.000012,OK. Syah Nurul Islam,Sumatera Utara,Kab. Batu Bara,Medang Deras,Masjid Jami,Desa Pakam Raya,Wakaf,2400,1600,1965,300,6,8,0,0,82165150882,,3.272145635,99.46472168,"https://www.google.com/maps/search/3.27214563507502550000,99.46472167968750000000",https://simaslama.kemenag.dev/profil/masjid/9820
145,01.4.02.19.01.000013,Darul Muttaqien,Sumatera Utara,Kab. Batu Bara,Medang Deras,Masjid Jami,Dusun Mesjid Desa Pematang Nibung,Wakaf,180,143,1945,200,6,4,0,0,82167853324,,2.94304091,99.27246094,"https://www.google.com/maps/search/2.94304091005516980000,99.27246093750000000000",https://simaslama.kemenag.dev/profil/masjid/9821
146,01.4.02.19.01.000014,Al-Muslimin,Sumatera Utara,Kab. Batu Bara,Medang Deras,Masjid Jami,Desa Medang Baru,Wakaf,798,225,2009,120,5,4,0,0,85277025199,,3.274887736,99.41665649,"https://www.google.com/maps/search/3.27488773555558230000,99.41665649414062000000",https://simaslama.kemenag.dev/profil/masjid/9822
147,01.4.02.19.01.000015,Ar-Rahman,Sumatera Utara,Kab. Batu Bara,Medang Deras,Masjid Jami,Dsn. Tasak Desa Lalang,Wakaf,49,36,1980,50,3,6,0,0,81362420369,,3.32972816,99.42901411,"https://www.google.com/maps/search/3.32972815992199370000,99.42901411328126000000",https://simaslama.kemenag.dev/profil/masjid/9829
148,01.4.02.19.01.000016,Nur-Hasanah,Sumatera Utara,Kab. Batu Bara,Medang Deras,Masjid Jami,Desa Mandarsah,Wakaf,1500,750,1960,150,5,4,0,0,85262466159,,3.295453249,99.4468689,"https://www.google.com/maps/search/3.29545324937343400000,99.44686889648438000000",https://simaslama.kemenag.dev/profil/masjid/9832
149,01.4.02.19.01.000017,Al-Mutaqin,Sumatera Utara,Kab. Batu Bara,Medang Deras,Masjid Jami,Cengkering Pekan,Wakaf,2000,1200,1985,150,3,2,0,0,81376104176,,3.32150229,99.40979004,"https://www.google.com/maps/search/3.32150228971860350000,99.40979003906250000000",https://simaslama.kemenag.dev/profil/masjid/9835
150,01.6.02.19.01.000018,Al-Hidayah,Sumatera Utara,Kab. Batu Bara,Medang Deras,Masjid di Tempat Publik,Desa Sei Raja,Wakaf,2400,600,1964,200,7,10,0,0,-,,3.316018338,99.43725586,"https://www.google.com/maps/search/3.31601833816151230000,99.43725585937500000000",https://simaslama.kemenag.dev/profil/masjid/9836
151,01.4.02.19.01.000019,Al-Hikmah,Sumatera Utara,Kab. Batu Bara,Medang Deras,Masjid Jami,Dusun Sono Desa Lalang,Wakaf,1200,800,1969,150,8,10,0,0,-,,3.318760318,99.44000244,"https://www.google.com/maps/search/3.31876031774470700000,99.44000244140625000000",https://simaslama.kemenag.dev/profil/masjid/9837
152,01.4.02.19.01.000020,Jamik,Sumatera Utara,Kab. Batu Bara,Medang Deras,Masjid Jami,Desa Medang,Wakaf,625,400,1958,150,5,4,0,0,85276437871,,3.310534356,99.42352295,"https://www.google.com/maps/search/3.31053435619235170000,99.42352294921875000000",https://simaslama.kemenag.dev/profil/masjid/9838
153,01.4.02.19.02.000001,Nurul Huda,Sumatera Utara,Kab. Batu Bara,Sei Suka,Masjid Jami,Jl. Tanjung Gading,Wakaf,576,0,1982,0,1,1,0,0,-,,-1.801460929,116.1474609,"https://www.google.com/maps/search/-1.80146092946803550000,116.14746093750000000000",https://simaslama.kemenag.dev/profil/masjid/9918
154,01.6.02.19.02.000002,Al-Mukhlisin,Sumatera Utara,Kab. Batu Bara,Sei Suka,Masjid di Tempat Publik,PT. Moeis,Girik,400,0,2002,0,1,1,0,0,-,,-1.801460929,116.1474609,"https://www.google.com/maps/search/-1.80146092946803550000,116.14746093750000000000",https://simaslama.kemenag.dev/profil/masjid/9920
155,01.4.02.19.02.000003,At-Taubah,Sumatera Utara,Kab. Batu Bara,Sei Suka,Masjid Jami,Dusun V Kuala Tanjung,Wakaf,375,0,1995,0,1,1,0,0,-,,-1.801460929,116.1474609,"https://www.google.com/maps/search/-1.80146092946803550000,116.14746093750000000000",https://simaslama.kemenag.dev/profil/masjid/9921
156,01.4.02.19.02.000004,Al-Huda,Sumatera Utara,Kab. Batu Bara,Sei Suka,Masjid Jami,Dusun I Kuala Indah,Wakaf,340,0,1992,0,1,1,0,0,-,,-1.801460929,116.1474609,"https://www.google.com/maps/search/-1.80146092946803550000,116.14746093750000000000",https://simaslama.kemenag.dev/profil/masjid/9922
157,01.4.02.19.02.000005,Al-Alim,Sumatera Utara,Kab. Batu Bara,Sei Suka,Masjid Jami,Dusun V Kuala Indah,Wakaf,320,0,1990,0,1,1,0,0,-,,-1.801460929,116.1474609,"https://www.google.com/maps/search/-1.80146092946803550000,116.14746093750000000000",https://simaslama.kemenag.dev/profil/masjid/9924
158,01.6.02.19.02.000006,Nurul Hikmah,Sumatera Utara,Kab. Batu Bara,Sei Suka,Masjid di Tempat Publik,Dusun IV Pantai Kuala Indah,Wakaf,600,240,2010,100,3,1,0,0,81375278392,,-1.801460929,116.1474609,"https://www.google.com/maps/search/-1.80146092946803550000,116.14746093750000000000",https://simaslama.kemenag.dev/profil/masjid/9925
159,01.4.02.19.02.000007,Al-Jamik,Sumatera Utara,Kab. Batu Bara,Sei Suka,Masjid Jami,Dusun V Pematang Jering,SHM,400,0,1985,0,1,1,0,0,-,,-1.801460929,116.1474609,"https://www.google.com/maps/search/-1.80146092946803550000,116.14746093750000000000",https://simaslama.kemenag.dev/profil/masjid/9926
160,01.4.02.19.02.000008,Nurul Iman,Sumatera Utara,Kab. Batu Bara,Sei Suka,Masjid Jami,Dusun VI Pematang Jering,Wakaf,360,0,1983,0,1,1,0,0,-,,-1.801460929,116.1474609,"https://www.google.com/maps/search/-1.80146092946803550000,116.14746093750000000000",https://simaslama.kemenag.dev/profil/masjid/9928
161,01.5.02.19.02.000009,Al-Banin,Sumatera Utara,Kab. Batu Bara,Sei Suka,Masjid Bersejarah,Dusun III Pematang Kuing,Wakaf,800,192,1920,200,1,1,0,0,,,-1.801460929,116.1474609,"https://www.google.com/maps/search/-1.80146092946803550000,116.14746093750000000000",https://simaslama.kemenag.dev/profil/masjid/9929
162,01.4.02.19.02.000010,Al-Huda,Sumatera Utara,Kab. Batu Bara,Sei Suka,Masjid Jami,Dusun IV Pematang Kuing,Wakaf,320,0,1996,0,1,1,0,0,-,,-1.801460929,116.1474609,"https://www.google.com/maps/search/-1.80146092946803550000,116.14746093750000000000",https://simaslama.kemenag.dev/profil/masjid/9930
163,01.3.02.19.02.000011,Baiturrahman,Sumatera Utara,Kab. Batu Bara,Sei Suka,Masjid Besar,Dusun VI Pematang Kuing,Wakaf,1200,88,1989,150,1,1,0,0,-,,-1.801460929,116.1474609,"https://www.google.com/maps/search/-1.80146092946803550000,116.14746093750000000000",https://simaslama.kemenag.dev/profil/masjid/9931
164,01.4.02.19.02.000012,Nurul Ikhlas,Sumatera Utara,Kab. Batu Bara,Sei Suka,Masjid Jami,Dusun I simodong,Wakaf,300,0,1990,0,1,1,0,0,-,,-1.801460929,116.1474609,"https://www.google.com/maps/search/-1.80146092946803550000,116.14746093750000000000",https://simaslama.kemenag.dev/profil/masjid/9932
165,01.4.02.19.02.000013,At-Taqwa,Sumatera Utara,Kab. Batu Bara,Sei Suka,Masjid Jami,Dusun I Simodong,Wakaf,225,0,1994,0,1,1,0,0,-,,-1.801460929,116.1474609,"https://www.google.com/maps/search/-1.80146092946803550000,116.14746093750000000000",https://simaslama.kemenag.dev/profil/masjid/9936
166,01.4.02.19.02.000014,Al-Jamik,Sumatera Utara,Kab. Batu Bara,Sei Suka,Masjid Jami,Dusun II Simodong,Wakaf,600,400,1975,200,1,1,0,0,,,-1.801460929,116.1474609,"https://www.google.com/maps/search/-1.80146092946803550000,116.14746093750000000000",https://simaslama.kemenag.dev/profil/masjid/9937
167,01.3.02.19.02.000015,Baiturrahman,Sumatera Utara,Kab. Batu Bara,Sei Suka,Masjid Besar,Dusun VIII Desa Brohol,Wakaf,4400,176,2008,200,1,1,0,0,-,,-1.801460929,116.1474609,"https://www.google.com/maps/search/-1.80146092946803550000,116.14746093750000000000",https://simaslama.kemenag.dev/profil/masjid/9938
168,01.4.02.19.02.000016,An-Nur,Sumatera Utara,Kab. Batu Bara,Sei Suka,Masjid Jami,Dusun IX desa Brohol,Wakaf,800,130,1970,150,1,1,0,0,-,,-1.801460929,116.1474609,"https://www.google.com/maps/search/-1.80146092946803550000,116.14746093750000000000",https://simaslama.kemenag.dev/profil/masjid/9939
169,01.4.02.19.02.000017,Taqwa Walistiqamah,Sumatera Utara,Kab. Batu Bara,Sei Suka,Masjid Jami,Dusun I Desa Sei Suka Deras,Wakaf,300,0,1985,0,1,1,0,0,-,,-1.801460929,116.1474609,"https://www.google.com/maps/search/-1.80146092946803550000,116.14746093750000000000",https://simaslama.kemenag.dev/profil/masjid/9940
170,01.4.02.19.02.000018,Sempurna,Sumatera Utara,Kab. Batu Bara,Sei Suka,Masjid Jami,Dusun III Desa Sei Suka Deras,Wakaf,210,0,1994,0,1,1,0,0,-,,-1.801460929,116.1474609,"https://www.google.com/maps/search/-1.80146092946803550000,116.14746093750000000000",https://simaslama.kemenag.dev/profil/masjid/9941
171,01.4.02.19.02.000019,Al-Huda,Sumatera Utara,Kab. Batu Bara,Sei Suka,Masjid Jami,Dusun XI Sei Simujur,Wakaf,320,0,1990,0,1,1,0,0,-,,-1.801460929,116.1474609,"https://www.google.com/maps/search/-1.80146092946803550000,116.14746093750000000000",https://simaslama.kemenag.dev/profil/masjid/9942
172,01.4.02.19.02.000020,Al-Ikhlas,Sumatera Utara,Kab. Batu Bara,Sei Suka,Masjid Jami,Dusun I Tanjung Seri,Wakaf,180,0,1940,0,1,1,0,0,-,,-1.801460929,116.1474609,"https://www.google.com/maps/search/-1.80146092946803550000,116.14746093750000000000",https://simaslama.kemenag.dev/profil/masjid/9943
173,01.4.02.19.02.000021,Al-Mukhlisin,Sumatera Utara,Kab. Batu Bara,Sei Suka,Masjid Jami,Dusun XI Tanjung Seri,Wakaf,260,0,1986,0,1,1,0,0,-,,-1.801460929,116.1474609,"https://www.google.com/maps/search/-1.80146092946803550000,116.14746093750000000000",https://simaslama.kemenag.dev/profil/masjid/9944
174,01.4.02.19.02.000022,Al-Huda,Sumatera Utara,Kab. Batu Bara,Sei Suka,Masjid Jami,Dusun I Sei Simujur,Wakaf,312,0,1982,0,1,1,0,0,-,,-1.801460929,116.1474609,"https://www.google.com/maps/search/-1.80146092946803550000,116.14746093750000000000",https://simaslama.kemenag.dev/profil/masjid/9945
175,01.4.02.19.02.000023,Al-Hidayah,Sumatera Utara,Kab. Batu Bara,Sei Suka,Masjid Jami,Dusun II Sei Simujur,Wakaf,324,0,1983,0,1,1,0,0,-,,-1.801460929,116.1474609,"https://www.google.com/maps/search/-1.80146092946803550000,116.14746093750000000000",https://simaslama.kemenag.dev/profil/masjid/9946
176,01.6.02.19.02.000024,Al-Muslim,Sumatera Utara,Kab. Batu Bara,Sei Suka,Masjid di Tempat Publik,Dusun VII Simodong,Wakaf,1200,400,1985,0,1,1,0,0,-,,-1.801460929,116.1474609,"https://www.google.com/maps/search/-1.80146092946803550000,116.14746093750000000000",https://simaslama.kemenag.dev/profil/masjid/9947
177,01.4.02.19.02.000025,Al-Mukmin,Sumatera Utara,Kab. Batu Bara,Sei Suka,Masjid Jami,Dusun V Sei Simujur,Wakaf,300,0,1990,0,1,1,0,0,-,,-1.801460929,116.1474609,"https://www.google.com/maps/search/-1.80146092946803550000,116.14746093750000000000",https://simaslama.kemenag.dev/profil/masjid/9948
178,01.4.02.19.02.000026,Baitussalam,Sumatera Utara,Kab. Batu Bara,Sei Suka,Masjid Jami,Dusun VII Sei Simujur,Wakaf,312,0,1985,0,1,1,0,0,-,,-1.801460929,116.1474609,"https://www.google.com/maps/search/-1.80146092946803550000,116.14746093750000000000",https://simaslama.kemenag.dev/profil/masjid/9949
179,01.4.02.19.02.000027,Ar-Ridho,Sumatera Utara,Kab. Batu Bara,Sei Suka,Masjid Jami,Dusun VII Sei Simujur,Wakaf,300,0,1980,0,1,1,0,0,-,,-1.801460929,116.1474609,"https://www.google.com/maps/search/-1.80146092946803550000,116.14746093750000000000",https://simaslama.kemenag.dev/profil/masjid/9950
180,01.4.02.19.02.000028,Al-Yaqin,Sumatera Utara,Kab. Batu Bara,Sei Suka,Masjid Jami,Dusun I Perkebunan Tanjung Kasau,Girik,280,0,1987,0,1,1,0,0,-,,-1.801460929,116.1474609,"https://www.google.com/maps/search/-1.80146092946803550000,116.14746093750000000000",https://simaslama.kemenag.dev/profil/masjid/9951
181,01.4.02.19.02.000029,Al-Ikhlas,Sumatera Utara,Kab. Batu Bara,Sei Suka,Masjid Jami,Dusun II Perkebunan Tanjung Kasau,Girik,300,0,1986,0,1,1,0,0,-,,-1.801460929,116.1474609,"https://www.google.com/maps/search/-1.80146092946803550000,116.14746093750000000000",https://simaslama.kemenag.dev/profil/masjid/9952
182,01.4.02.19.02.000030,PMKS,Sumatera Utara,Kab. Batu Bara,Sei Suka,Masjid Jami,Dusun VII Perkebunan Tanjung Kasau,SHM,400,36,2005,50,1,1,0,0,-,,3.310705731,99.27143097,"https://www.google.com/maps/search/3.31070573108874800000,99.27143096923828000000",https://simaslama.kemenag.dev/profil/masjid/9954
183,01.4.02.19.02.000031,Al-Yaqin,Sumatera Utara,Kab. Batu Bara,Sei Suka,Masjid Jami,Dusun VII Perkebunan Tanjung Kasau,SHM,400,36,1993,50,1,1,0,0,-,,3.31481872,99.27383423,"https://www.google.com/maps/search/3.31481871970270970000,99.27383422851562000000",https://simaslama.kemenag.dev/profil/masjid/9955
184,01.4.02.19.02.000032,Nurul Huda,Sumatera Utara,Kab. Batu Bara,Sei Suka,Masjid Jami,Dusun V Tanjung Seri,Wakaf,312,0,1953,0,1,1,0,0,-,,3.513421046,98.70117188,"https://www.google.com/maps/search/3.51342104564004430000,98.70117187500000000000",https://simaslama.kemenag.dev/profil/masjid/9956
185,01.6.02.19.02.000033,Istiqomah,Sumatera Utara,Kab. Batu Bara,Sei Suka,Masjid di Tempat Publik,Dusun I Perkebunan Tanjung Kasau,Wakaf,280,221,1975,0,1,1,0,0,-,,3.557282727,98.65722656,"https://www.google.com/maps/search/3.55728272654127940000,98.65722656250000000000",https://simaslama.kemenag.dev/profil/masjid/9958
186,01.4.02.19.02.000034,Taqwa wal Istiqomah,Sumatera Utara,Kab. Batu Bara,Sei Suka,Masjid Jami,Dusun Mesjid Simpang Kopi,Wakaf,1600,1600,1965,200,2,1,0,0,,,3.302436859,99.33155537,"https://www.google.com/maps/search/3.30243685856653800000,99.33155536651611000000",https://simaslama.kemenag.dev/profil/masjid/9964
187,01.4.02.19.02.000035,Al-Ansor,Sumatera Utara,Kab. Batu Bara,Sei Suka,Masjid Jami,Dusun I Laut Tador,Wakaf,300,0,1995,0,1,1,0,0,-,,3.644999801,98.61328125,"https://www.google.com/maps/search/3.64499980089206300000,98.61328125000000000000",https://simaslama.kemenag.dev/profil/masjid/9965
188,01.4.02.19.02.000036,Darussalam,Sumatera Utara,Kab. Batu Bara,Sei Suka,Masjid Jami,Dusun IV Laut Tador,Wakaf,280,0,1982,0,1,1,0,0,-,,3.557282727,98.70117188,"https://www.google.com/maps/search/3.55728272654131760000,98.70117187500000000000",https://simaslama.kemenag.dev/profil/masjid/9966
189,01.4.02.19.02.000037,Al-Asri,Sumatera Utara,Kab. Batu Bara,Sei Suka,Masjid Jami,Dusun VI Laut Tador,Wakaf,600,100,1995,100,1,1,0,0,,,3.312933602,99.27383423,"https://www.google.com/maps/search/3.31293360204287500000,99.27383422851562000000",https://simaslama.kemenag.dev/profil/masjid/9967
190,01.4.02.19.02.000038,Al-Huda,Sumatera Utara,Kab. Batu Bara,Sei Suka,Masjid Jami,Dusun VIII Laut Tador,Wakaf,225,0,1956,0,1,1,0,0,-,,3.60114232,98.65722656,"https://www.google.com/maps/search/3.60114232015873500000,98.65722656250000000000",https://simaslama.kemenag.dev/profil/masjid/9969
191,01.4.02.19.02.000039,Al-Qadri,Sumatera Utara,Kab. Batu Bara,Sei Suka,Masjid Jami,Dusun XI Laut Tador,Wakaf,600,100,1994,100,1,1,0,0,,,3.314733033,99.28988457,"https://www.google.com/maps/search/3.31473303261428300000,99.28988456726074000000",https://simaslama.kemenag.dev/profil/masjid/9970
192,01.4.02.19.02.000040,Al-Haq,Sumatera Utara,Kab. Batu Bara,Sei Suka,Masjid Jami,Dusun XII Laut Tador,Wakaf,800,156,1986,120,1,1,0,0,,,3.316018338,99.27520752,"https://www.google.com/maps/search/3.31601833816153760000,99.27520751953125000000",https://simaslama.kemenag.dev/profil/masjid/9972
193,01.4.02.19.02.000041,Nurul Iman,Sumatera Utara,Kab. Batu Bara,Sei Suka,Masjid Jami,Dusun VI Desa Pematang Jering,Girik,800,130,1977,150,1,1,0,0,,,3.320618467,99.30421465,"https://www.google.com/maps/search/3.32061846740752030000,99.30421465283200000000",https://simaslama.kemenag.dev/profil/masjid/9973
194,01.4.02.19.02.000042,Al-Mutaqin,Sumatera Utara,Kab. Batu Bara,Sei Suka,Masjid Jami,Dusun VI Laut Tador,Wakaf,270,0,1986,0,1,1,0,0,-,,3.557282727,98.70117188,"https://www.google.com/maps/search/3.55728272654127940000,98.70117187500000000000",https://simaslama.kemenag.dev/profil/masjid/9975
195,01.6.02.19.02.000043,Al-Huda,Sumatera Utara,Kab. Batu Bara,Sei Suka,Masjid di Tempat Publik,Dusun IV Pematang Kuing,Wakaf,1400,252,1985,150,1,1,0,0,,,3.319788558,99.30198669,"https://www.google.com/maps/search/3.31978855812701600000,99.30198669433594000000",https://simaslama.kemenag.dev/profil/masjid/9976
196,01.6.02.19.02.000045,Al-Huda,Sumatera Utara,Kab. Batu Bara,Sei Suka,Masjid di Tempat Publik,Dusun VIII Desa Laut Tador,Wakaf,1000,100,1952,100,1,1,0,0,-,,3.31567559,99.2888546,"https://www.google.com/maps/search/3.31567559017889970000,99.28885459899902000000",https://simaslama.kemenag.dev/profil/masjid/9979
197,01.4.02.19.02.000046,Al-Muttaqin,Sumatera Utara,Kab. Batu Bara,Sei Suka,Masjid Jami,Dusun XIV Desa Laut Tador,SHM,1800,225,1992,200,2,1,0,0,,,3.313961848,99.28756714,"https://www.google.com/maps/search/3.31396184848434400000,99.28756713867188000000",https://simaslama.kemenag.dev/profil/masjid/9981
198,01.4.02.19.02.000047,Al-Muttaqin,Sumatera Utara,Kab. Batu Bara,Sei Suka,Masjid Jami,Dusun I Perkebunan Tanjung Kasau,SHM,400,144,1995,100,1,1,0,0,,,3.313276351,99.28911209,"https://www.google.com/maps/search/3.31327635097534100000,99.28911209106445000000",https://simaslama.kemenag.dev/profil/masjid/9984
199,01.4.02.19.02.000048,Al-Ihsan,Sumatera Utara,Kab. Batu Bara,Sei Suka,Masjid Jami,Dusun V Desa Perkebunan Tanjung Kasau,SHM,400,36,1999,50,1,1,0,0,,,3.315332842,99.27469254,"https://www.google.com/maps/search/3.31533284207749950000,99.27469253540039000000",https://simaslama.kemenag.dev/profil/masjid/9985
200,01.4.02.19.02.000049,Al-Huda,Sumatera Utara,Kab. Batu Bara,Sei Suka,Masjid Jami,Dusun X Desa Sei Suka Deras,Wakaf,400,208,2008,150,2,1,0,0,,,3.309077668,99.3333149,"https://www.google.com/maps/search/3.30907766837616200000,99.33331489562988000000",https://simaslama.kemenag.dev/profil/masjid/9987
201,01.4.02.19.02.000050,Nurul Iman,Sumatera Utara,Kab. Batu Bara,Sei Suka,Masjid Jami,Dusun XIV Desa Laut Tador,Wakaf,250,64,1992,80,1,1,0,0,,,3.314647346,99.28688049,"https://www.google.com/maps/search/3.31464734551843900000,99.28688049316406000000",https://simaslama.kemenag.dev/profil/masjid/9989
202,01.4.02.19.02.000051,Al-Ikhlas,Sumatera Utara,Kab. Batu Bara,Sei Suka,Masjid Jami,Perkebunan Tanjung Kasau,Wakaf,400,36,2005,50,1,1,0,0,,,3.314990094,99.27452087,"https://www.google.com/maps/search/3.31499009385736300000,99.27452087402344000000",https://simaslama.kemenag.dev/profil/masjid/9994
203,01.3.02.19.04.000063,BESAR AR-RIDHO LIMA PULUH,Sumatera Utara,Kab. Batu Bara,Lima Puluh,Masjid Besar,Kel. Lima Puluh Kota,Wakaf,400,0,1976,0,1,1,0,0,-,,3,98,"https://www.google.com/maps/search/3.00000000000000000000,98.00000000000000000000",https://simaslama.kemenag.dev/profil/masjid/10023
204,01.4.02.19.04.000002,Al-Hidayah,Sumatera Utara,Kab. Batu Bara,Lima Puluh,Masjid Jami,Dusun II Mangkai Baru,Wakaf,552,169,1970,225,7,1,0,0,81264612799,,3.169354356,99.41287994,"https://www.google.com/maps/search/3.16935435561057630000,99.41287994384766000000",https://simaslama.kemenag.dev/profil/masjid/10024
205,01.4.02.19.04.000003,Al-Muhtadin,Sumatera Utara,Kab. Batu Bara,Lima Puluh,Masjid Jami,Dusun IV Desa Mangkai Baru,Wakaf,927,49,1986,100,4,1,0,0,81361505979,,3.169311506,99.41279411,"https://www.google.com/maps/search/3.16931150590540600000,99.41279411315918000000",https://simaslama.kemenag.dev/profil/masjid/10025
206,01.4.02.19.04.000004,Al-Muhajirin,Sumatera Utara,Kab. Batu Bara,Lima Puluh,Masjid Jami,Perkebunan Dolok,Wakaf,71,0,1987,0,1,1,0,0,-,,3.644999801,98.65722656,"https://www.google.com/maps/search/3.64499980089203750000,98.65722656250000000000",https://simaslama.kemenag.dev/profil/masjid/10027
207,01.4.02.19.04.000005,Al-Ihsan,Sumatera Utara,Kab. Batu Bara,Lima Puluh,Masjid Jami,Perkebunan Dolok,Wakaf,144,0,1988,150,1,1,0,0,-,,3.60114232,98.65722656,"https://www.google.com/maps/search/3.60114232015873500000,98.65722656250000000000",https://simaslama.kemenag.dev/profil/masjid/10029
208,01.4.02.19.04.000006,Nurul Huda,Sumatera Utara,Kab. Batu Bara,Lima Puluh,Masjid Jami,Dusun II Desa Sumber Padi,Wakaf,6824,180,1989,170,6,1,0,0,81361572357,,3.16211273,99.42399502,"https://www.google.com/maps/search/3.16211273026384000000,99.42399501800537000000",https://simaslama.kemenag.dev/profil/masjid/10032
209,01.6.02.19.04.000007,Nurul Iman,Sumatera Utara,Kab. Batu Bara,Lima Puluh,Masjid di Tempat Publik,Dusun VI Desa Sumber Padi,Wakaf,184,184,1994,150,2,1,0,0,81264010909,,3.168154563,99.41796541,"https://www.google.com/maps/search/3.16815456319487240000,99.41796541213989000000",https://simaslama.kemenag.dev/profil/masjid/10034
210,01.4.02.19.04.000008,At-Taqwa,Sumatera Utara,Kab. Batu Bara,Lima Puluh,Masjid Jami,Dusun II Lubuk Besar,Wakaf,400,0,1980,150,1,1,0,0,-,,3.557282727,98.65722656,"https://www.google.com/maps/search/3.55728272654127940000,98.65722656250000000000",https://simaslama.kemenag.dev/profil/masjid/10035
211,01.4.02.19.04.000009,Al-Falah,Sumatera Utara,Kab. Batu Bara,Lima Puluh,Masjid Jami,Dusun I Lubuk Besar,Wakaf,63,0,2006,150,1,1,0,0,-,,3.60114232,98.65722656,"https://www.google.com/maps/search/3.60114232015873500000,98.65722656250000000000",https://simaslama.kemenag.dev/profil/masjid/10037
212,01.4.02.19.04.000010,Istiqomah,Sumatera Utara,Kab. Batu Bara,Lima Puluh,Masjid Jami,Dusun II Lubuk Besar,Wakaf,63,0,2006,150,1,1,0,0,-,,3.60114232,98.70117188,"https://www.google.com/maps/search/3.60114232015873500000,98.70117187500000000000",https://simaslama.kemenag.dev/profil/masjid/10038
213,01.4.02.19.04.000011,Darussalam,Sumatera Utara,Kab. Batu Bara,Lima Puluh,Masjid Jami,Dusun IV Lubuk Besar,Wakaf,64,0,1976,150,1,1,0,0,-,,3.60114232,98.65722656,"https://www.google.com/maps/search/3.60114232015873500000,98.65722656250000000000",https://simaslama.kemenag.dev/profil/masjid/10039
214,01.4.02.19.04.000012,Al-Amarullah,Sumatera Utara,Kab. Batu Bara,Lima Puluh,Masjid Jami,Dusun I Empat Negeri,Wakaf,100,0,1963,150,1,1,0,0,-,,3.644999801,98.65722656,"https://www.google.com/maps/search/3.64499980089203750000,98.65722656250000000000",https://simaslama.kemenag.dev/profil/masjid/10040
215,01.4.02.19.04.000013,Amaliyah,Sumatera Utara,Kab. Batu Bara,Lima Puluh,Masjid Jami,Dusun VI Empat Negeri,Wakaf,80,0,1974,150,1,1,0,0,-,,3.60114232,98.65722656,"https://www.google.com/maps/search/3.60114232015873500000,98.65722656250000000000",https://simaslama.kemenag.dev/profil/masjid/10041
216,01.4.02.19.04.000014,Al-Hidayah,Sumatera Utara,Kab. Batu Bara,Lima Puluh,Masjid Jami,Dusun VII Empat Negeri,Wakaf,81,0,1980,150,1,1,0,0,-,,3.557282727,98.65722656,"https://www.google.com/maps/search/3.55728272654127940000,98.65722656250000000000",https://simaslama.kemenag.dev/profil/masjid/10042
217,01.4.02.19.04.000015,Al-Ikhlas,Sumatera Utara,Kab. Batu Bara,Lima Puluh,Masjid Jami,Dusun VII Empat Negeri,Wakaf,360,0,2008,200,1,1,0,0,-,,3.60114232,98.70117188,"https://www.google.com/maps/search/3.60114232015873500000,98.70117187500000000000",https://simaslama.kemenag.dev/profil/masjid/10043
218,01.4.02.19.04.000016,An-Nur,Sumatera Utara,Kab. Batu Bara,Lima Puluh,Masjid Jami,Dusun I Empat Negeri,Wakaf,80,0,2008,150,1,1,0,0,-,,3.557282727,98.70117188,"https://www.google.com/maps/search/3.55728272654130470000,98.70117187500000000000",https://simaslama.kemenag.dev/profil/masjid/10044
219,01.4.02.19.04.000017,Al-Ikhlas,Sumatera Utara,Kab. Batu Bara,Lima Puluh,Masjid Jami,Dusun II Empat Negeri,Wakaf,81,0,1978,150,1,1,0,0,-,,3.60114232,98.65722656,"https://www.google.com/maps/search/3.60114232015873500000,98.65722656250000000000",https://simaslama.kemenag.dev/profil/masjid/10045
220,01.4.02.19.04.000018,Al-Amin,Sumatera Utara,Kab. Batu Bara,Lima Puluh,Masjid Jami,Dusun II Empat Negeri,Wakaf,82,0,1978,150,1,1,0,0,-,,3.60114232,98.65722656,"https://www.google.com/maps/search/3.60114232015873500000,98.65722656250000000000",https://simaslama.kemenag.dev/profil/masjid/10046
221,01.4.02.19.04.000019,Nurul Ikhlas,Sumatera Utara,Kab. Batu Bara,Lima Puluh,Masjid Jami,Dusun I Guntung,Wakaf,400,0,1928,0,1,1,0,0,-,,3.60114232,98.65722656,"https://www.google.com/maps/search/3.60114232015873500000,98.65722656250000000000",https://simaslama.kemenag.dev/profil/masjid/10072
222,01.6.02.19.04.000020,Al-Hikmah,Sumatera Utara,Kab. Batu Bara,Lima Puluh,Masjid di Tempat Publik,Dusun I Perkebunan Limau Manis,SHM,672,132,1981,150,3,1,0,0,81265239288,,3.159198926,99.42790031,"https://www.google.com/maps/search/3.15919892591102200000,99.42790031433105000000",https://simaslama.kemenag.dev/profil/masjid/10073
223,01.6.02.19.04.000021,Al-Inayah,Sumatera Utara,Kab. Batu Bara,Lima Puluh,Masjid di Tempat Publik,Dusun II Perkebunan T.I.U,Girik,80,0,1974,150,1,1,0,0,-,,3.60114232,98.65722656,"https://www.google.com/maps/search/3.60114232015873500000,98.65722656250000000000",https://simaslama.kemenag.dev/profil/masjid/10074
224,01.6.02.19.04.000022,Al-Mukhlisin,Sumatera Utara,Kab. Batu Bara,Lima Puluh,Masjid di Tempat Publik,Dusun III Perkebunan T.I.U AFD. I,Girik,48,0,1980,150,1,1,0,0,-,,3.60114232,98.65722656,"https://www.google.com/maps/search/3.60114232015873500000,98.65722656250000000000",https://simaslama.kemenag.dev/profil/masjid/10075
225,01.6.02.19.04.000023,Al-Arafah,Sumatera Utara,Kab. Batu Bara,Lima Puluh,Masjid di Tempat Publik,DusunIV Perkebunan T.I.U,Girik,72,0,1980,150,1,1,0,0,-,,3.60114232,98.65722656,"https://www.google.com/maps/search/3.60114232015873500000,98.65722656250000000000",https://simaslama.kemenag.dev/profil/masjid/10076
226,01.6.02.19.04.000024,Al-Ikhlas,Sumatera Utara,Kab. Batu Bara,Lima Puluh,Masjid di Tempat Publik,Dusun IV Perkebunan T.I.U,Wakaf,73,0,1980,150,1,1,0,0,-,,3.557282727,98.65722656,"https://www.google.com/maps/search/3.55728272654131760000,98.65722656250000000000",https://simaslama.kemenag.dev/profil/masjid/10077
227,01.6.02.19.04.000025,Baiturrahman,Sumatera Utara,Kab. Batu Bara,Lima Puluh,Masjid di Tempat Publik,Dusun IV Desa Perk. Lima Puluh,SHM,400,144,1998,150,1,1,0,0,-,,3.199477258,99.42798615,"https://www.google.com/maps/search/3.19947725787129270000,99.42798614501953000000",https://simaslama.kemenag.dev/profil/masjid/10078
228,01.6.02.19.04.000026,Al-Munawwarah,Sumatera Utara,Kab. Batu Bara,Lima Puluh,Masjid di Tempat Publik,Dusun VII Taman Sari Desa Perk. Lima Puluh,Wakaf,420,100,1980,150,2,1,0,0,-,,3.192964273,99.42232132,"https://www.google.com/maps/search/3.19296427264826100000,99.42232131958008000000",https://simaslama.kemenag.dev/profil/masjid/10080
229,01.4.02.19.04.000027,Jami',Sumatera Utara,Kab. Batu Bara,Lima Puluh,Masjid Jami,Dusun V Pematang Panjang,Wakaf,400,0,1953,150,1,1,0,0,-,,3.60114232,98.65722656,"https://www.google.com/maps/search/3.60114232015873500000,98.65722656250000000000",https://simaslama.kemenag.dev/profil/masjid/10081
230,01.4.02.19.04.000028,At-Taqwa,Sumatera Utara,Kab. Batu Bara,Lima Puluh,Masjid Jami,Dusun IX Desa Simpang Gambus,Girik,400,50,1995,80,2,1,0,0,85206325021,,3.201962465,99.42558289,"https://www.google.com/maps/search/3.20196246501282070000,99.42558288574219000000",https://simaslama.kemenag.dev/profil/masjid/10082
231,01.4.02.19.04.000029,Jami',Sumatera Utara,Kab. Batu Bara,Lima Puluh,Masjid Jami,Dusun V Pematang Panjang,Wakaf,400,0,1953,150,1,1,0,0,-,,3.60114232,98.65722656,"https://www.google.com/maps/search/3.60114232015873500000,98.65722656250000000000",https://simaslama.kemenag.dev/profil/masjid/10084
232,01.4.02.19.04.000030,Arriyadoh,Sumatera Utara,Kab. Batu Bara,Lima Puluh,Masjid Jami,Dusun IV Pematang Panjang,Wakaf,256,0,1983,150,1,1,0,0,-,,3.60114232,98.65722656,"https://www.google.com/maps/search/3.60114232015873500000,98.65722656250000000000",https://simaslama.kemenag.dev/profil/masjid/10085
233,01.4.02.19.04.000031,Nurul Ikhlas,Sumatera Utara,Kab. Batu Bara,Lima Puluh,Masjid Jami,Dusun I Guntung,Wakaf,400,0,1928,150,1,1,0,0,-,,3.60114232,98.65722656,"https://www.google.com/maps/search/3.60114232015874800000,98.65722656250000000000",https://simaslama.kemenag.dev/profil/masjid/10087
234,01.4.02.19.04.000032,Al-Arafah,Sumatera Utara,Kab. Batu Bara,Lima Puluh,Masjid Jami,Dusun III Guntung,Wakaf,225,0,1999,150,1,1,0,0,-,,3.60114232,98.65722656,"https://www.google.com/maps/search/3.60114232015873500000,98.65722656250000000000",https://simaslama.kemenag.dev/profil/masjid/10088
235,01.4.02.19.04.000033,Al-Muhajirin,Sumatera Utara,Kab. Batu Bara,Lima Puluh,Masjid Jami,Dusun VI Guntung,Wakaf,182,0,1996,150,1,1,0,0,-,,3.60114232,98.65722656,"https://www.google.com/maps/search/3.60114232015873500000,98.65722656250000000000",https://simaslama.kemenag.dev/profil/masjid/10089
236,01.4.02.19.04.000034,Jami',Sumatera Utara,Kab. Batu Bara,Lima Puluh,Masjid Jami,Dusun III Perupuk,Wakaf,225,0,1930,150,1,1,0,0,-,,3.60114232,98.70117188,"https://www.google.com/maps/search/3.60114232015873500000,98.70117187500000000000",https://simaslama.kemenag.dev/profil/masjid/10090
237,01.4.02.19.04.000035,Ubudiyah,Sumatera Utara,Kab. Batu Bara,Lima Puluh,Masjid Jami,Dusun V Perupuk,Wakaf,182,0,1991,150,1,1,0,0,-,,3.60114232,98.70117188,"https://www.google.com/maps/search/3.60114232015873500000,98.70117187500000000000",https://simaslama.kemenag.dev/profil/masjid/10091
238,01.4.02.19.04.000036,At-Taqwa,Sumatera Utara,Kab. Batu Bara,Lima Puluh,Masjid Jami,Dusun VI Perupuk,Wakaf,100,0,1975,150,1,1,0,0,-,,3.60114232,98.65722656,"https://www.google.com/maps/search/3.60114232015873500000,98.65722656250000000000",https://simaslama.kemenag.dev/profil/masjid/10092
239,01.4.02.19.04.000037,Al-Falah,Sumatera Utara,Kab. Batu Bara,Lima Puluh,Masjid Jami,Dusun IX Perupuk,Wakaf,100,0,1963,150,1,1,0,0,-,,3.60114232,98.65722656,"https://www.google.com/maps/search/3.60114232015873500000,98.65722656250000000000",https://simaslama.kemenag.dev/profil/masjid/10093
240,01.4.02.19.04.000038,Al-Imtihan,Sumatera Utara,Kab. Batu Bara,Lima Puluh,Masjid Jami,Dusun XIII Perupuk,Wakaf,143,0,2001,150,1,1,0,0,-,,3.60114232,98.65722656,"https://www.google.com/maps/search/3.60114232015873500000,98.65722656250000000000",https://simaslama.kemenag.dev/profil/masjid/10094
241,01.4.02.19.04.000039,Al-Ikhlas,Sumatera Utara,Kab. Batu Bara,Lima Puluh,Masjid Jami,Dusun VII Lubuk Cuik,Wakaf,144,0,2001,150,1,1,0,0,-,,3.60114232,98.65722656,"https://www.google.com/maps/search/3.60114232015873500000,98.65722656250000000000",https://simaslama.kemenag.dev/profil/masjid/10095
242,01.4.02.19.04.000040,Al-Ikhlas,Sumatera Utara,Kab. Batu Bara,Lima Puluh,Masjid Jami,Dusun III Lubuk Cuik,Wakaf,400,0,1999,150,1,1,0,0,-,,3.60114232,98.65722656,"https://www.google.com/maps/search/3.60114232015873500000,98.65722656250000000000",https://simaslama.kemenag.dev/profil/masjid/10096
243,01.4.02.19.04.000041,Uswatun Hasanah,Sumatera Utara,Kab. Batu Bara,Lima Puluh,Masjid Jami,Dusun IV Gambus Laut,Wakaf,800,180,1990,200,3,1,0,0,-,,3.192107298,99.4468689,"https://www.google.com/maps/search/3.19210729783183800000,99.44686889648438000000",https://simaslama.kemenag.dev/profil/masjid/10099
244,01.4.02.19.04.000042,Baiturrahman,Sumatera Utara,Kab. Batu Bara,Lima Puluh,Masjid Jami,Dusun VII Gambus Laut,Wakaf,210,0,1973,150,1,1,0,0,-,,3.60114232,98.70117188,"https://www.google.com/maps/search/3.60114232015873500000,98.70117187500000000000",https://simaslama.kemenag.dev/profil/masjid/10100
245,01.3.02.19.04.000043,Al-Ikhlas,Sumatera Utara,Kab. Batu Bara,Lima Puluh,Masjid Besar,Dusun II Desa Bulan-Bulan,Wakaf,600,0,1978,200,1,1,0,0,82167131561,,3.186322699,99.44545269,"https://www.google.com/maps/search/3.18632269913281660000,99.44545269012451000000",https://simaslama.kemenag.dev/profil/masjid/10103
246,01.4.02.19.04.000044,Nurul Iman,Sumatera Utara,Kab. Batu Bara,Lima Puluh,Masjid Jami,Dusun VI Desa Bulan-Bulan,Wakaf,41,0,1988,150,1,1,0,0,-,,3.60114232,98.65722656,"https://www.google.com/maps/search/3.60114232015873500000,98.65722656250000000000",https://simaslama.kemenag.dev/profil/masjid/10104
247,01.4.02.19.04.000045,Nurul Ihsan,Sumatera Utara,Kab. Batu Bara,Lima Puluh,Masjid Jami,Dusun I Desa Bulan-Bulan,Wakaf,42,0,2011,150,1,1,0,0,-,,3.60114232,98.70117188,"https://www.google.com/maps/search/3.60114232015873500000,98.70117187500000000000",https://simaslama.kemenag.dev/profil/masjid/10107
248,01.4.02.19.04.000046,Nurul Falah,Sumatera Utara,Kab. Batu Bara,Lima Puluh,Masjid Jami,Dusun V Desa BUlan-Bulan,Wakaf,225,0,2004,150,1,1,0,0,-,,3.60114232,98.65722656,"https://www.google.com/maps/search/3.60114232015873500000,98.65722656250000000000",https://simaslama.kemenag.dev/profil/masjid/10109
249,01.4.02.19.04.000047,Al-Munawaroh,Sumatera Utara,Kab. Batu Bara,Lima Puluh,Masjid Jami,Dusun IV Pulau Sejuk,Wakaf,500,0,1991,150,1,1,0,0,-,,3.60114232,98.65722656,"https://www.google.com/maps/search/3.60114232015873500000,98.65722656250000000000",https://simaslama.kemenag.dev/profil/masjid/10110
250,01.4.02.19.04.000048,At-Taqwa,Sumatera Utara,Kab. Batu Bara,Lima Puluh,Masjid Jami,Dusun I Pulau Sejuk,Wakaf,81,0,1999,150,1,1,0,0,-,,3.177333764,99.43545673,"https://www.google.com/maps/search/3.17733376438730630000,99.43545673028575000000",https://simaslama.kemenag.dev/profil/masjid/10112
251,01.4.02.19.05.000046,ar-rahman,Sumatera Utara,Kab. Batu Bara,Talawi,Masjid Jami,lingkungan II kelurahan labuhan ruku,Wakaf,1224,225,1957,200,15,15,0,0,,,3.272145635,98.94287109,"https://www.google.com/maps/search/3.27214563507502550000,98.94287109375000000000",https://simaslama.kemenag.dev/profil/masjid/54869
252,01.4.02.19.05.000047,nur hasanah,Sumatera Utara,Kab. Batu Bara,Talawi,Masjid Jami,lingkungan I kelurahan labuhan ruku,Wakaf,17,144,1991,100,7,7,0,0,,,3.447624667,99.20379639,"https://www.google.com/maps/search/3.44762466664686500000,99.20379638671875000000",https://simaslama.kemenag.dev/profil/masjid/55103
253,01.4.02.19.03.000024,Nurul Yaqin,Sumatera Utara,Kab. Batu Bara,Air Putih,Masjid Jami,Dusun IV Desa Suka Ramai,Wakaf,1000,192,1992,200,2,,0,0,85262190622,,3.295881693,99.36653137,"https://www.google.com/maps/search/3.29588169306750430000,99.36653137207031000000",https://simaslama.kemenag.dev/profil/masjid/77152
254,01.4.02.19.03.000025,Taqwa,Sumatera Utara,Kab. Batu Bara,Air Putih,Masjid Jami,Dusun I Desa Aras,Wakaf,522,81,1956,160,3,,0,0,85297705225,,3.3039364,99.35065269,"https://www.google.com/maps/search/3.30393640015084070000,99.35065269470215000000",https://simaslama.kemenag.dev/profil/masjid/77153
255,01.4.02.19.03.000026,Al-Mutlak,Sumatera Utara,Kab. Batu Bara,Air Putih,Masjid Jami,Dusun V Desa Aras,Wakaf,510,256,1964,300,2,,0,0,81360139864,,3.301537133,99.34876442,"https://www.google.com/maps/search/3.30153713252893700000,99.34876441955566000000",https://simaslama.kemenag.dev/profil/masjid/77154
256,01.4.02.19.03.000027,As-Sunnah,Sumatera Utara,Kab. Batu Bara,Air Putih,Masjid Jami,Dusun I Ladang Lawas Desa Pasar Lapan,Wakaf,432,76,2012,120,3,0,0,0,82171730191,,3.31944444,99.41805556,"https://www.google.com/maps/search/3.31944444000000000000,99.41805556000000000000",https://simaslama.kemenag.dev/profil/masjid/77155
257,01.4.02.19.03.000028,Al-Huda,Sumatera Utara,Kab. Batu Bara,Air Putih,Masjid Jami,Dusun V Desa Tanjung Mulia,SHM,691,168,1997,200,8,,0,0,81364045153,,3.310513437,99.39620335,"https://www.google.com/maps/search/3.31051343736340300000,99.39620335125000000000",https://simaslama.kemenag.dev/profil/masjid/77156
258,01.4.02.19.04.000049,Al-Huda,Sumatera Utara,Kab. Batu Bara,Lima Puluh,Masjid Jami,Dusun I Desa Antara,Wakaf,1200,100,1970,250,4,,0,0,,,3.150488282,99.45241065,"https://www.google.com/maps/search/3.15048828238459680000,99.45241064605716000000",https://simaslama.kemenag.dev/profil/masjid/78574
259,01.4.02.19.04.000050,As-Salafy,Sumatera Utara,Kab. Batu Bara,Lima Puluh,Masjid Jami,Dusun III Desa Simpang Gambus,Wakaf,400,100,2012,80,2,,0,0,85371876011,,3.193735549,99.4217205,"https://www.google.com/maps/search/3.19373554937161500000,99.42172050476074000000",https://simaslama.kemenag.dev/profil/masjid/78577
260,01.4.02.19.04.000051,Jami',Sumatera Utara,Kab. Batu Bara,Lima Puluh,Masjid Jami,Dusun VI Desa Simpang Gambus,Wakaf,1439,528,1932,300,4,,0,0,82361393107,,3.19339276,99.42069054,"https://www.google.com/maps/search/3.19339275978828850000,99.42069053649902000000",https://simaslama.kemenag.dev/profil/masjid/78581
261,01.4.02.19.04.000052,Nurul Iman,Sumatera Utara,Kab. Batu Bara,Lima Puluh,Masjid Jami,Dusun V G. Bandung,Wakaf,400,300,1984,200,4,,0,0,,,3.200848407,99.44824219,"https://www.google.com/maps/search/3.20084840738443650000,99.44824218750000000000",https://simaslama.kemenag.dev/profil/masjid/78584
262,01.4.02.19.04.000053,Al-Mukminun,Sumatera Utara,Kab. Batu Bara,Lima Puluh,Masjid Jami,Dusun I Desa Bulan-Bulan,Wakaf,400,64,1973,100,2,,0,0,,,3.200677014,99.46146011,"https://www.google.com/maps/search/3.20067701379562750000,99.46146011352539000000",https://simaslama.kemenag.dev/profil/masjid/78587
263,01.4.02.19.04.000054,Nurul Falah,Sumatera Utara,Kab. Batu Bara,Lima Puluh,Masjid Jami,Dusun IV Desa Titi Merah,Wakaf,400,56,1985,100,1,,0,0,,,3.198791682,99.42935944,"https://www.google.com/maps/search/3.19879168242677900000,99.42935943603516000000",https://simaslama.kemenag.dev/profil/masjid/78590
264,01.4.02.19.04.000055,Baiturrohim,Sumatera Utara,Kab. Batu Bara,Lima Puluh,Masjid Jami,Dusun I Desa Gunung Bandung,Wakaf,400,63,1980,100,2,,0,0,85261623841,,3.149429052,99.43313599,"https://www.google.com/maps/search/3.14942905167317600000,99.43313598632812000000",https://simaslama.kemenag.dev/profil/masjid/78594
265,01.6.02.19.04.000056,Al-Ikhlas,Sumatera Utara,Kab. Batu Bara,Lima Puluh,Masjid di Tempat Publik,Dusun I Desa Sumber Padi,Wakaf,200,121,2008,100,3,,0,0,,,3.16202703,99.42575455,"https://www.google.com/maps/search/3.16202703025260320000,99.42575454711914000000",https://simaslama.kemenag.dev/profil/masjid/78597
266,01.4.02.19.04.000057,Darus Sunnah,Sumatera Utara,Kab. Batu Bara,Lima Puluh,Masjid Jami,Dusun V Desa Sumber Rejo,Wakaf,400,64,1970,60,5,,0,0,,,3.15765632,99.42214966,"https://www.google.com/maps/search/3.15765632029491000000,99.42214965820312000000",https://simaslama.kemenag.dev/profil/masjid/78600
267,01.4.02.19.04.000058,Nurul Hasanah,Sumatera Utara,Kab. Batu Bara,Lima Puluh,Masjid Jami,Dusun III Desa Sumber Rejo,Wakaf,470,100,1968,100,5,,0,0,,,3.154913905,99.42695618,"https://www.google.com/maps/search/3.15491390465409300000,99.42695617675781000000",https://simaslama.kemenag.dev/profil/masjid/78604
268,01.4.02.19.04.000059,Nurul Yaqin,Sumatera Utara,Kab. Batu Bara,Lima Puluh,Masjid Jami,Dusun IV Desa Sumber Rejo,Wakaf,1600,100,1991,100,5,,0,0,,,3.144972587,99.44944382,"https://www.google.com/maps/search/3.14497258735093300000,99.44944381713867000000",https://simaslama.kemenag.dev/profil/masjid/78607
269,01.4.02.19.04.000060,Al-Ikhlas,Sumatera Utara,Kab. Batu Bara,Lima Puluh,Masjid Jami,Dusun III Desa Kwala Gunung,Girik,,,2000,150,6,,0,0,81376122232,,3.188679391,99.45957184,"https://www.google.com/maps/search/3.18867939141960340000,99.45957183837890000000",https://simaslama.kemenag.dev/profil/masjid/78608
270,01.4.02.19.04.000061,Al-Hidayah,Sumatera Utara,Kab. Batu Bara,Lima Puluh,Masjid Jami,Dusun V Desa Kwala gunung,Girik,,,1989,100,3,,0,0,85375463770,,3.187993809,99.45837021,"https://www.google.com/maps/search/3.18799380876573930000,99.45837020874023000000",https://simaslama.kemenag.dev/profil/masjid/78612
271,01.4.02.19.07.000036,Al-Fatah,Sumatera Utara,Kab. Batu Bara,Sei Balai,Masjid Jami,Dusun XI Desa Tanah Timbul,Wakaf,140,100,1976,95,12,9,9,12,,,3.135783212,99.58418155,"https://www.google.com/maps/search/3.13578321159828300000,99.58418154856190000000",https://simaslama.kemenag.dev/profil/masjid/78754
272,01.4.02.19.07.000037,Asy-Syafinah,Sumatera Utara,Kab. Batu Bara,Sei Balai,Masjid Jami,Dusun V Desa Perk. Sei Bejangkar,Wakaf,180,100,1986,100,8,8,7,10,,,3.116885712,99.56225181,"https://www.google.com/maps/search/3.11688571177523330000,99.56225180765614000000",https://simaslama.kemenag.dev/profil/masjid/78755
273,01.4.02.19.03.000029,Isa Syahin,Sumatera Utara,Kab. Batu Bara,Air Putih,Masjid Jami,Dusun VII Desa Tanjung Kubah,Wakaf,624,99,2013,130,2,0,0,0,81376217950,,3.270774582,99.41253662,"https://www.google.com/maps/search/3.27077458202797700000,99.41253662109375000000",https://simaslama.kemenag.dev/profil/masjid/80685
274,01.4.02.19.03.000030,Nur Syam,Sumatera Utara,Kab. Batu Bara,Air Putih,Masjid Jami,Dusun VII Desa Tanjung Kubah,Wakaf,472,64,2006,100,3,0,0,0,81362490901,,3.31944444,99.41805556,"https://www.google.com/maps/search/3.31944444000000000000,99.41805556000000000000",https://simaslama.kemenag.dev/profil/masjid/80699
275,01.4.02.19.06.000031,Jamik Makmur,Sumatera Utara,Kab. Batu Bara,Tanjung Tiram,Masjid Jami,Jl.Nelayan LK.V Kelurahan Tanjung Tiram,Wakaf,400,225,1966,300,4,7,2,0,-,,3.22355218,99.58332154,"https://www.google.com/maps/search/3.22355218006032500000,99.58332154155869000000",https://simaslama.kemenag.dev/profil/masjid/112638
276,01.4.02.19.06.000032,Amanah,Sumatera Utara,Kab. Batu Bara,Tanjung Tiram,Masjid Jami,Jl.perbatasan Dusun VI Desa Bandar Rahmat,Girik,1080,100,2014,120,5,5,1,10,81370233058,,3.23090223,99.57820223,"https://www.google.com/maps/search/3.23090223019389850000,99.57820223272392000000",https://simaslama.kemenag.dev/profil/masjid/113986
277,01.4.02.19.06.000033,Al-Mukhlisin,Sumatera Utara,Kab. Batu Bara,Tanjung Tiram,Masjid Jami,Dusun VIII Desa Pahlawan,Wakaf,1680,300,2013,200,11,6,1,20,82369873977,,3.225546325,99.57897203,"https://www.google.com/maps/search/3.22554632467878170000,99.57897202679305000000",https://simaslama.kemenag.dev/profil/masjid/113987
278,01.4.02.19.07.000038,AL-KHOIR,Sumatera Utara,Kab. Batu Bara,Sei Balai,Masjid Jami,DUSUN III DESA MEKAR BARU,Wakaf,800,110,2011,150,5,3,5,10,,,3.142271918,99.59498298,"https://www.google.com/maps/search/3.14227191811278760000,99.59498298172548000000",https://simaslama.kemenag.dev/profil/masjid/210829
279,01.4.02.19.05.000048,&quot;AL-JENIAH &quot;,Sumatera Utara,Kab. Batu Bara,Talawi,Masjid Jami,DESA PETATAL KM 131,Wakaf,1285,289,2015,400,6,5,0,0,81264962431,,3.085530914,99.60523725,"https://www.google.com/maps/search/3.08553091382890040000,99.60523724838549000000",https://simaslama.kemenag.dev/profil/masjid/214563
280,01.4.02.19.05.000049,AL-- AMIN,Sumatera Utara,Kab. Batu Bara,Talawi,Masjid Jami,DUSUN V TEMPE Desa Bangun Sari Kec. Datuk Tanah Datar Kab. Batu Bara,Wakaf,,,2021,0,3,3,2,20,81361572376,masjid.alamin.bangunsari@gmail.com,3.120780476,99.49460683,"https://www.google.com/maps/search/3.12078047612080000000,99.49460682671500000000",https://simaslama.kemenag.dev/profil/masjid/328766
281,01.4.02.19.04.000062,MUHAJIRIN,Sumatera Utara,Kab. Batu Bara,Lima Puluh,Masjid Jami,Dusun I Desa Pasir Permit,SHM,1200,"198,81",1982,0,3,3,3,15,0813-9683-3143,husinerna23@gmail.com,3.26022732,99.49529776,"https://www.google.com/maps/search/3.26022731982510000000,99.49529775878800000000",https://simaslama.kemenag.dev/profil/masjid/329063
282,01.4.02.19.06.000034,MASJID AL MUKMIN,Sumatera Utara,Kab. Batu Bara,Tanjung Tiram,Masjid Jami,DUSUN IV TALI AIR TENGAH DESA TALI AIR PERMAI KECAMATAN NIBUNG HANGUS KABUPATEN BATU BARA,Hibah,"642,94",196,2013,150,5,6,0,0,85270086252,kua06tanjungtiram@gmail.com,3.179664,99.6482712,"https://www.google.com/maps/search/3.17966400000000000000,99.64827120000000000000",https://simaslama.kemenag.dev/profil/masjid/329737
283,01.3.02.19.07.000039,AL- FATTAH,Sumatera Utara,Kab. Batu Bara,Sei Balai,Masjid Besar,ASMIL YONIF 126/KALA CAKTI,BMN,567,567,2018,150,2,3,2,0,81354181311,ym02167782gmail.com,3.110818,99.5795865,"https://www.google.com/maps/search/3.11081800000000000000,99.57958650000000000000",https://simaslama.kemenag.dev/profil/masjid/337360
284,01.4.02.19.04.000064,AL- MUNAWARAH,Sumatera Utara,Kab. Batu Bara,Lima Puluh,Masjid Jami,Dusun I Desa Kwala Gunung Kecamatan Datuk Lima Puluh Kab. Batu Bara.,Wakaf,400,196,2018,250,3,3,3,30,81262373390,-,3.186365,99.485841,"https://www.google.com/maps/search/3.18636500000000000000,99.48584100000000000000",https://simaslama.kemenag.dev/profil/masjid/352897
285,01.4.02.19.04.000065,AL- KHOIRIYAH,Sumatera Utara,Kab. Batu Bara,Lima Puluh,Masjid Jami,Dusun III Desa Air Hitam Kecamatan Datuk Lima Puluh Kab. Batu Bara,Wakaf,900,900,2013,400,6,7,5,28,82253280689,-,3.208905213,99.50417027,"https://www.google.com/maps/search/3.20890521269160000000,99.50417026877400000000",https://simaslama.kemenag.dev/profil/masjid/353196
,,,,,,,,,,,,,,,,,,,,,,
Sumber : Data SIMAS - 07 Oct 2025 10:53,,,,,,,,,,,,,,,,,,,,,,
